Epoch,Train_Loss,Val_Loss
1,1.4524442546963692,0.13660737057216465
2,1.135771928727627,0.17699069459922612
3,0.9668329761624336,0.14672903693281114
4,0.9388418456315994,0.13947307644411922
