{
  "t_start": 0.0,
  "t_end": 12.566370614359172,
  "fs_high": 1024.0,
  "tau_frequency": 1.8,
  "tau_amplitude": "N/A",
  "amplitude_spline_type": "zero_order",
  "base_points": [
    [
      0.0,
      2.5565056135932953
    ],
    [
      0.14140401954936188,
      2.5565056135932953
    ],
    [
      0.3083917766401447,
      2.5565056135932953
    ],
    [
      1.774224347156909,
      1.1171942670917479
    ],
    [
      2.750037980648139,
      1.1171942670917479
    ],
    [
      2.8825070826218036,
      2.1879507790575694
    ],
    [
      4.072432898718671,
      2.1879507790575694
    ],
    [
      6.785892922668657,
      2.1879507790575694
    ],
    [
      10.033684449941264,
      1.181078042941453
    ],
    [
      10.853936540724655,
      2.5565056135932953
    ],
    [
      11.119358271935724,
      2.5565056135932953
    ],
    [
      11.506412112083252,
      3.378510498961557
    ],
    [
      12.566370614359172,
      3.378510498961557
    ]
  ],
  "high_freq_points": [
    [
      0.0,
      0.0
    ],
    [
      0.14140401954936188,
      0.0
    ],
    [
      0.3083917766401447,
      0.0
    ],
    [
      1.774224347156909,
      0.0
    ],
    [
      2.750037980648139,
      0.0
    ],
    [
      2.8825070826218036,
      0.0
    ],
    [
      4.072432898718671,
      0.0
    ],
    [
      6.785892922668657,
      0.0
    ],
    [
      10.033684449941264,
      0.0
    ],
    [
      10.853936540724655,
      64.46337430149228
    ],
    [
      10.866404985300065,
      64.46337430149228
    ],
    [
      11.119358271935724,
      0.0
    ],
    [
      11.506412112083252,
      0.0
    ],
    [
      12.566370614359172,
      0.0
    ]
  ],
  "variation_type": [
    "low",
    "low",
    "low",
    "low",
    "low",
    "low",
    "low",
    "low",
    "low",
    "high",
    "low",
    "low",
    "low"
  ],
  "amp_knots": [
    0.0,
    4.1884765625,
    8.376953125,
    12.5654296875
  ],
  "amp_values": [
    1.7766717598236528,
    2.301012878873791,
    2.7315070080349093,
    3.050596410643473
  ],
  "noise_profile": {
    "has_noise": true,
    "noise_type": "structured",
    "p_has_noise": 0.5,
    "p_gaussian": 0.5,
    "gaussian_std_relative": 0.15,
    "structured_segments": 2,
    "segment_details": [
      {
        "start": 5.1208297217174,
        "end": 7.94567549148517,
        "amplitude": 0.42529726694560804,
        "frequency": 92.68252442410765,
        "type": "cos"
      },
      {
        "start": 4.877153716684206,
        "end": 6.134239995024082,
        "amplitude": 0.02352583283281182,
        "frequency": 83.62297434953231,
        "type": "sin"
      }
    ]
  },
  "seed": 1072,
  "signal_id": "signal_072",
  "frequency_profile_type": "non_uniform_high_low",
  "noise_type": "structured"
}