{
  "t_start": 0.0,
  "t_end": 12.566370614359172,
  "fs_high": 1024.0,
  "tau_frequency": 1.1,
  "tau_amplitude": 12.0,
  "amplitude_spline_type": "tension",
  "base_points": [
    [
      0.0,
      3.5174621534413215
    ],
    [
      1.0308726005495261,
      1.2694730427045333
    ],
    [
      1.1407666130135472,
      3.5174621534413215
    ],
    [
      1.170484111757599,
      3.5174621534413215
    ],
    [
      3.500468981841975,
      1.2694730427045333
    ],
    [
      3.5902074298905147,
      1.9421443175851447
    ],
    [
      5.1658756467202425,
      1.9421443175851447
    ],
    [
      10.893903901552786,
      1.9421443175851447
    ],
    [
      11.04492271727752,
      2.598421418851524
    ],
    [
      11.191153006732764,
      3.5174621534413215
    ],
    [
      12.566370614359172,
      1.9421443175851447
    ]
  ],
  "high_freq_points": [
    [
      0.0,
      0.0
    ],
    [
      1.0308726005495261,
      0.0
    ],
    [
      1.1407666130135472,
      0.0
    ],
    [
      1.170484111757599,
      0.0
    ],
    [
      3.500468981841975,
      0.0
    ],
    [
      3.5902074298905147,
      0.0
    ],
    [
      5.1658756467202425,
      0.0
    ],
    [
      10.893903901552786,
      0.0
    ],
    [
      11.04492271727752,
      27.807252838429726
    ],
    [
      11.094604313893962,
      27.807252838429726
    ],
    [
      11.191153006732764,
      0.0
    ],
    [
      12.566370614359172,
      0.0
    ]
  ],
  "variation_type": [
    "low",
    "low",
    "low",
    "low",
    "low",
    "low",
    "low",
    "low",
    "high",
    "low",
    "low"
  ],
  "amp_knots": [
    0.0,
    3.141357421875,
    6.28271484375,
    9.424072265625,
    12.5654296875
  ],
  "amp_values": [
    1.4382562058264627,
    1.302412240689592,
    1.0967931493269352,
    0.8324147204465763,
    0.5234407016471605
  ],
  "noise_profile": {
    "has_noise": false,
    "noise_type": "none",
    "p_has_noise": 0.5,
    "p_gaussian": 0.5,
    "gaussian_std_relative": 0.15
  },
  "seed": 1047,
  "signal_id": "signal_047",
  "frequency_profile_type": "non_uniform_high_low",
  "noise_type": "none"
}