{
  "t_start": 0.0,
  "t_end": 12.566370614359172,
  "fs_high": 1024.0,
  "tau_frequency": 1.75,
  "tau_amplitude": "N/A",
  "amplitude_spline_type": "zero_order",
  "base_points": [
    [
      0.0,
      4.08807330276932
    ],
    [
      2.230120314860751,
      4.08807330276932
    ],
    [
      5.984726860158528,
      4.08807330276932
    ],
    [
      8.187604876469411,
      4.08807330276932
    ],
    [
      8.50827164160877,
      4.08807330276932
    ],
    [
      9.462000379935267,
      4.08807330276932
    ],
    [
      12.566370614359172,
      4.08807330276932
    ]
  ],
  "high_freq_points": [
    [
      0.0,
      0.0
    ],
    [
      2.230120314860751,
      0.0
    ],
    [
      5.984726860158528,
      0.0
    ],
    [
      8.187604876469411,
      0.0
    ],
    [
      8.50827164160877,
      0.0
    ],
    [
      9.462000379935267,
      0.0
    ],
    [
      12.566370614359172,
      0.0
    ]
  ],
  "variation_type": [
    "low",
    "low",
    "low",
    "low",
    "low",
    "low",
    "low"
  ],
  "amp_knots": [
    0.0,
    3.141357421875,
    6.28271484375,
    9.424072265625,
    12.5654296875
  ],
  "amp_values": [
    5.596271299590519,
    3.5218334086768266,
    10.98328248777227,
    13.278241659842502,
    9.327171778668118
  ],
  "noise_profile": {
    "has_noise": false,
    "noise_type": "none",
    "p_has_noise": 0.5,
    "p_gaussian": 0.5,
    "gaussian_std_relative": 0.15
  },
  "seed": 1077,
  "signal_id": "signal_077",
  "frequency_profile_type": "non_uniform_high_low",
  "noise_type": "none"
}