{
  "t_start": 0.0,
  "t_end": 12.566370614359172,
  "fs_high": 1024.0,
  "tau_frequency": 1.65,
  "tau_amplitude": "N/A",
  "amplitude_spline_type": "zero_order",
  "base_points": [
    [
      0.0,
      3.1362847577628874
    ],
    [
      2.628013100874703,
      4.0977194857522905
    ],
    [
      4.8513156774809545,
      4.632501519937497
    ],
    [
      7.323832890710409,
      4.632501519937497
    ],
    [
      12.566370614359172,
      4.632501519937497
    ]
  ],
  "high_freq_points": [
    [
      0.0,
      0.0
    ],
    [
      2.628013100874703,
      0.0
    ],
    [
      4.8513156774809545,
      0.0
    ],
    [
      7.323832890710409,
      0.0
    ],
    [
      12.566370614359172,
      0.0
    ]
  ],
  "variation_type": [
    "low",
    "low",
    "low",
    "low",
    "low"
  ],
  "amp_knots": [
    0.0,
    6.28271484375,
    12.5654296875
  ],
  "amp_values": [
    0.5924437550380286,
    0.7092264112838619,
    0.6509580832143567
  ],
  "noise_profile": {
    "has_noise": true,
    "noise_type": "structured",
    "p_has_noise": 0.5,
    "p_gaussian": 0.5,
    "gaussian_std_relative": 0.15,
    "structured_segments": 3,
    "segment_details": [
      {
        "start": 7.684695894028356,
        "end": 9.47773586609472,
        "amplitude": 0.056023684435628586,
        "frequency": 49.817046416446146,
        "type": "sin"
      },
      {
        "start": 3.9961470769521426,
        "end": 7.030639588277053,
        "amplitude": -0.03255339346297134,
        "frequency": -68.48801551600235,
        "type": "sin"
      },
      {
        "start": 0.7404830037727412,
        "end": 2.8211789670040233,
        "amplitude": 0.09068143989216813,
        "frequency": -60.40407265593647,
        "type": "cos"
      }
    ]
  },
  "seed": 1026,
  "signal_id": "signal_026",
  "frequency_profile_type": "non_uniform_high_low",
  "noise_type": "structured"
}