{
  "t_start": 0.0,
  "t_end": 12.566370614359172,
  "fs_high": 1024.0,
  "tau_frequency": 1.35,
  "tau_amplitude": 20.0,
  "amplitude_spline_type": "tension",
  "base_points": [
    [
      0.0,
      2.3075892693562863
    ],
    [
      1.9533689525231002,
      2.3075892693562863
    ],
    [
      2.3970062439870135,
      4.106032784713419
    ],
    [
      3.636043631471548,
      1.9988129307501534
    ],
    [
      5.374714255991917,
      4.339743498313041
    ],
    [
      6.3526524312331345,
      2.191655190444523
    ],
    [
      6.896293382432307,
      2.191655190444523
    ],
    [
      9.715778175961047,
      2.191655190444523
    ],
    [
      10.764740013325216,
      2.7818368485473655
    ],
    [
      12.566370614359172,
      2.7818368485473655
    ]
  ],
  "high_freq_points": [
    [
      0.0,
      0.0
    ],
    [
      1.9533689525231002,
      32.765828503640236
    ],
    [
      2.3890499567456134,
      32.765828503640236
    ],
    [
      2.3970062439870135,
      0.0
    ],
    [
      3.636043631471548,
      34.290019344813814
    ],
    [
      4.120328701155678,
      34.290019344813814
    ],
    [
      5.374714255991917,
      0.0
    ],
    [
      6.3526524312331345,
      0.0
    ],
    [
      6.896293382432307,
      0.0
    ],
    [
      9.715778175961047,
      0.0
    ],
    [
      10.764740013325216,
      0.0
    ],
    [
      12.566370614359172,
      0.0
    ]
  ],
  "variation_type": [
    "low",
    "high",
    "low",
    "high",
    "low",
    "low",
    "low",
    "low",
    "low",
    "low"
  ],
  "amp_knots": [
    0.0,
    3.141357421875,
    6.28271484375,
    9.424072265625,
    12.5654296875
  ],
  "amp_values": [
    3.8975400597508463,
    4.827800596915514,
    4.1850021625258345,
    5.692427219930966,
    3.835335529075541
  ],
  "noise_profile": {
    "has_noise": true,
    "noise_type": "gaussian",
    "p_has_noise": 0.5,
    "p_gaussian": 0.5,
    "gaussian_std_relative": 0.15,
    "noise_std": 0.49569663405461944,
    "gaussian_internal_strategy": "high_segments"
  },
  "seed": 1030,
  "signal_id": "signal_030",
  "frequency_profile_type": "non_uniform_high_low",
  "noise_type": "gaussian"
}