{
  "t_start": 0.0,
  "t_end": 12.566370614359172,
  "fs_high": 1024.0,
  "tau_frequency": 1.3,
  "tau_amplitude": "N/A",
  "amplitude_spline_type": "zero_order",
  "base_points": [
    [
      0.0,
      3.256052570725328
    ],
    [
      0.48981933374110875,
      3.256052570725328
    ],
    [
      1.1817081398229987,
      3.256052570725328
    ],
    [
      2.089601634768468,
      1.6432561123933698
    ],
    [
      7.5093370506694,
      1.6432561123933698
    ],
    [
      9.15824416676873,
      1.6432561123933698
    ],
    [
      10.248890460391747,
      1.6432561123933698
    ],
    [
      12.345837979402184,
      1.6432561123933698
    ],
    [
      12.566370614359172,
      1.6432561123933698
    ]
  ],
  "high_freq_points": [
    [
      0.0,
      0.0
    ],
    [
      0.48981933374110875,
      0.0
    ],
    [
      1.1817081398229987,
      0.0
    ],
    [
      2.089601634768468,
      0.0
    ],
    [
      7.5093370506694,
      0.0
    ],
    [
      9.15824416676873,
      0.0
    ],
    [
      10.248890460391747,
      0.0
    ],
    [
      12.345837979402184,
      0.0
    ],
    [
      12.566370614359172,
      0.0
    ]
  ],
  "variation_type": [
    "low",
    "low",
    "low",
    "low",
    "low",
    "low",
    "low",
    "low",
    "low"
  ],
  "amp_knots": [
    0.0,
    3.141357421875,
    6.28271484375,
    9.424072265625,
    12.5654296875
  ],
  "amp_values": [
    0.8191129655300469,
    5.808649789301685,
    6.6362023355251925,
    0.8371945055669583,
    5.797791442184457
  ],
  "noise_profile": {
    "has_noise": false,
    "noise_type": "none",
    "p_has_noise": 0.5,
    "p_gaussian": 0.5,
    "gaussian_std_relative": 0.15
  },
  "seed": 1090,
  "signal_id": "signal_090",
  "frequency_profile_type": "non_uniform_high_low",
  "noise_type": "none"
}