{
  "t_start": 0.0,
  "t_end": 12.566370614359172,
  "fs_high": 1024.0,
  "tau_frequency": 1.05,
  "tau_amplitude": "N/A",
  "amplitude_spline_type": "zero_order",
  "base_points": [
    [
      0.0,
      1.4758022693612234
    ],
    [
      2.002720187390132,
      1.4758022693612234
    ],
    [
      3.052016763309913,
      1.4758022693612234
    ],
    [
      4.4425463956762,
      1.4758022693612234
    ],
    [
      6.567216930218712,
      1.4758022693612234
    ],
    [
      7.774701877055542,
      1.9006121349527425
    ],
    [
      8.772784459259624,
      1.9006121349527425
    ],
    [
      9.516230574676625,
      1.9006121349527425
    ],
    [
      10.09882815093313,
      1.9006121349527425
    ],
    [
      10.915347882855778,
      3.9934074194189457
    ],
    [
      12.566370614359172,
      3.9934074194189457
    ]
  ],
  "high_freq_points": [
    [
      0.0,
      0.0
    ],
    [
      2.002720187390132,
      0.0
    ],
    [
      3.052016763309913,
      0.0
    ],
    [
      4.4425463956762,
      0.0
    ],
    [
      6.567216930218712,
      0.0
    ],
    [
      7.774701877055542,
      0.0
    ],
    [
      8.772784459259624,
      0.0
    ],
    [
      9.516230574676625,
      0.0
    ],
    [
      10.09882815093313,
      0.0
    ],
    [
      10.915347882855778,
      98.72467740106505
    ],
    [
      12.028831387908799,
      98.72467740106505
    ],
    [
      12.566370614359172,
      0.0
    ]
  ],
  "variation_type": [
    "low",
    "low",
    "low",
    "low",
    "low",
    "low",
    "low",
    "low",
    "low",
    "high",
    "low"
  ],
  "amp_knots": [
    0.0,
    3.141357421875,
    6.28271484375,
    9.424072265625,
    12.5654296875
  ],
  "amp_values": [
    6.130669248259962,
    8.137326153024867,
    9.844332638446575,
    11.18882957862065,
    12.121306966899633
  ],
  "noise_profile": {
    "has_noise": false,
    "noise_type": "none",
    "p_has_noise": 0.5,
    "p_gaussian": 0.5,
    "gaussian_std_relative": 0.15
  },
  "seed": 1067,
  "signal_id": "signal_067",
  "frequency_profile_type": "non_uniform_high_low",
  "noise_type": "none"
}