{
  "t_start": 0.0,
  "t_end": 12.566370614359172,
  "fs_high": 1024.0,
  "tau_frequency": 1.6,
  "tau_amplitude": 8.0,
  "amplitude_spline_type": "tension",
  "base_points": [
    [
      0.0,
      2.222972625493386
    ],
    [
      1.410611462486342,
      4.558269879743603
    ],
    [
      1.811347349316802,
      2.3967745513279874
    ],
    [
      2.074811275288399,
      2.3967745513279874
    ],
    [
      5.348600849453947,
      2.3967745513279874
    ],
    [
      5.642998592144856,
      2.3967745513279874
    ],
    [
      6.606762062288845,
      2.3967745513279874
    ],
    [
      6.644787845537915,
      2.3967745513279874
    ],
    [
      7.836075499772902,
      4.352184799506916
    ],
    [
      9.742028981662042,
      4.352184799506916
    ],
    [
      11.616746383634823,
      4.352184799506916
    ],
    [
      12.566370614359172,
      2.3967745513279874
    ]
  ],
  "high_freq_points": [
    [
      0.0,
      0.0
    ],
    [
      1.410611462486342,
      55.71171733040016
    ],
    [
      1.6475428180843867,
      55.71171733040016
    ],
    [
      1.811347349316802,
      0.0
    ],
    [
      2.074811275288399,
      0.0
    ],
    [
      5.348600849453947,
      0.0
    ],
    [
      5.642998592144856,
      0.0
    ],
    [
      6.606762062288845,
      0.0
    ],
    [
      6.644787845537915,
      0.0
    ],
    [
      7.836075499772902,
      0.0
    ],
    [
      9.742028981662042,
      0.0
    ],
    [
      11.616746383634823,
      0.0
    ],
    [
      12.566370614359172,
      0.0
    ]
  ],
  "variation_type": [
    "low",
    "high",
    "low",
    "low",
    "low",
    "low",
    "low",
    "low",
    "low",
    "low",
    "low",
    "low"
  ],
  "amp_knots": [
    0.0,
    6.28271484375,
    12.5654296875
  ],
  "amp_values": [
    0.3713610958412803,
    0.253422187609403,
    0.20707433746282117
  ],
  "noise_profile": {
    "has_noise": false,
    "noise_type": "none",
    "p_has_noise": 0.5,
    "p_gaussian": 0.5,
    "gaussian_std_relative": 0.15
  },
  "seed": 1027,
  "signal_id": "signal_027",
  "frequency_profile_type": "non_uniform_high_low",
  "noise_type": "none"
}