{
  "t_start": 0.0,
  "t_end": 12.566370614359172,
  "fs_high": 1024.0,
  "tau_frequency": 1.6,
  "tau_amplitude": "N/A",
  "amplitude_spline_type": "zero_order",
  "base_points": [
    [
      0.0,
      3.091167578640387
    ],
    [
      1.831860977370376,
      3.091167578640387
    ],
    [
      11.688540013364895,
      4.683912304077976
    ],
    [
      12.566370614359172,
      4.683912304077976
    ]
  ],
  "high_freq_points": [
    [
      0.0,
      0.0
    ],
    [
      1.831860977370376,
      0.0
    ],
    [
      11.688540013364895,
      0.0
    ],
    [
      12.566370614359172,
      0.0
    ]
  ],
  "variation_type": [
    "low",
    "low",
    "low",
    "low"
  ],
  "amp_knots": [
    0.0,
    4.1884765625,
    8.376953125,
    12.5654296875
  ],
  "amp_values": [
    8.86387522311109,
    3.5918170315002906,
    9.587448627883232,
    1.6604205305326978
  ],
  "noise_profile": {
    "has_noise": false,
    "noise_type": "none",
    "p_has_noise": 0.5,
    "p_gaussian": 0.5,
    "gaussian_std_relative": 0.15
  },
  "seed": 1080,
  "signal_id": "signal_080",
  "frequency_profile_type": "non_uniform_high_low",
  "noise_type": "none"
}