{
  "t_start": 0.0,
  "t_end": 12.566370614359172,
  "fs_high": 1024.0,
  "tau_frequency": 1.05,
  "tau_amplitude": "N/A",
  "amplitude_spline_type": "zero_order",
  "base_points": [
    [
      0.0,
      2.15552690160322
    ],
    [
      0.18060740122156832,
      2.15552690160322
    ],
    [
      0.21347969434387443,
      2.15552690160322
    ],
    [
      1.9369133472840245,
      2.15552690160322
    ],
    [
      2.0811158591410917,
      2.15552690160322
    ],
    [
      5.106331751177917,
      2.15552690160322
    ],
    [
      6.429645954264365,
      2.15552690160322
    ],
    [
      6.7603537550602235,
      2.15552690160322
    ],
    [
      9.294071946175636,
      2.15552690160322
    ],
    [
      10.147592038551606,
      2.15552690160322
    ],
    [
      11.13096100332734,
      1.3504565751280473
    ],
    [
      12.566370614359172,
      1.3504565751280473
    ]
  ],
  "high_freq_points": [
    [
      0.0,
      0.0
    ],
    [
      0.18060740122156832,
      0.0
    ],
    [
      0.21347969434387443,
      0.0
    ],
    [
      1.9369133472840245,
      0.0
    ],
    [
      2.0811158591410917,
      0.0
    ],
    [
      5.106331751177917,
      0.0
    ],
    [
      6.429645954264365,
      0.0
    ],
    [
      6.7603537550602235,
      0.0
    ],
    [
      9.294071946175636,
      0.0
    ],
    [
      10.147592038551606,
      0.0
    ],
    [
      11.13096100332734,
      0.0
    ],
    [
      12.566370614359172,
      0.0
    ]
  ],
  "variation_type": [
    "low",
    "low",
    "low",
    "low",
    "low",
    "low",
    "low",
    "low",
    "low",
    "low",
    "low",
    "low"
  ],
  "amp_knots": [
    0.0,
    6.28271484375,
    12.5654296875
  ],
  "amp_values": [
    4.305212680990968,
    2.0122521714893797,
    5.906135534021066
  ],
  "noise_profile": {
    "has_noise": false,
    "noise_type": "none",
    "p_has_noise": 0.5,
    "p_gaussian": 0.5,
    "gaussian_std_relative": 0.15
  },
  "seed": 1051,
  "signal_id": "signal_051",
  "frequency_profile_type": "non_uniform_high_low",
  "noise_type": "none"
}