{
  "t_start": 0.0,
  "t_end": 12.566370614359172,
  "fs_high": 1024.0,
  "tau_frequency": 1.6,
  "tau_amplitude": "N/A",
  "amplitude_spline_type": "zero_order",
  "base_points": [
    [
      0.0,
      1.4363490312237874
    ],
    [
      0.22155465215911102,
      1.4363490312237874
    ],
    [
      0.8978753789270253,
      2.2875420031275397
    ],
    [
      1.090892286766297,
      2.2875420031275397
    ],
    [
      1.3007626891233184,
      2.2875420031275397
    ],
    [
      3.3491208088878075,
      2.3730667227398023
    ],
    [
      4.999708603268275,
      2.3730667227398023
    ],
    [
      6.400600394082677,
      2.3730667227398023
    ],
    [
      6.578484693370059,
      4.831884948721345
    ],
    [
      9.963936507182613,
      4.831884948721345
    ],
    [
      11.472412418803883,
      2.2875420031275397
    ],
    [
      11.985093573318622,
      2.7163611230587676
    ],
    [
      12.566370614359172,
      2.3730667227398023
    ]
  ],
  "high_freq_points": [
    [
      0.0,
      0.0
    ],
    [
      0.22155465215911102,
      0.0
    ],
    [
      0.8978753789270253,
      0.0
    ],
    [
      1.090892286766297,
      0.0
    ],
    [
      1.3007626891233184,
      0.0
    ],
    [
      3.3491208088878075,
      0.0
    ],
    [
      4.999708603268275,
      0.0
    ],
    [
      6.400600394082677,
      0.0
    ],
    [
      6.578484693370059,
      0.0
    ],
    [
      9.963936507182613,
      0.0
    ],
    [
      11.472412418803883,
      36.40640121964238
    ],
    [
      11.776435084785888,
      36.40640121964238
    ],
    [
      11.985093573318622,
      0.0
    ],
    [
      12.566370614359172,
      0.0
    ]
  ],
  "variation_type": [
    "low",
    "low",
    "low",
    "low",
    "low",
    "low",
    "low",
    "low",
    "low",
    "low",
    "high",
    "low",
    "low"
  ],
  "amp_knots": [
    0.0,
    4.1884765625,
    8.376953125,
    12.5654296875
  ],
  "amp_values": [
    1.5543886232976285,
    1.1868321238967097,
    1.119288084799896,
    0.7198209318341772
  ],
  "noise_profile": {
    "has_noise": true,
    "noise_type": "structured",
    "p_has_noise": 0.5,
    "p_gaussian": 0.5,
    "gaussian_std_relative": 0.15,
    "structured_segments": 1,
    "segment_details": [
      {
        "start": 3.6789682543378683,
        "end": 7.4128234157796795,
        "amplitude": -0.04400592213206279,
        "frequency": -180.68414140043623,
        "type": "sin"
      }
    ]
  },
  "seed": 1002,
  "signal_id": "signal_002",
  "frequency_profile_type": "non_uniform_high_low",
  "noise_type": "structured"
}