{
  "t_start": 0.0,
  "t_end": 12.566370614359172,
  "fs_high": 1024.0,
  "tau_frequency": 1.3,
  "tau_amplitude": "N/A",
  "amplitude_spline_type": "zero_order",
  "base_points": [
    [
      0.0,
      2.659197029104333
    ],
    [
      5.498411779252981,
      2.659197029104333
    ],
    [
      5.885500270316513,
      2.659197029104333
    ],
    [
      8.036620179483146,
      2.659197029104333
    ],
    [
      8.314128930144193,
      2.659197029104333
    ],
    [
      9.44445656183552,
      2.0991505772415167
    ],
    [
      10.005921318569705,
      3.250143680810843
    ],
    [
      10.04214889958102,
      3.250143680810843
    ],
    [
      11.080492239213713,
      2.659197029104333
    ],
    [
      11.170386488888704,
      2.659197029104333
    ],
    [
      11.832152778636285,
      4.797315518973338
    ],
    [
      12.566370614359172,
      4.797315518973338
    ]
  ],
  "high_freq_points": [
    [
      0.0,
      0.0
    ],
    [
      5.498411779252981,
      0.0
    ],
    [
      5.885500270316513,
      0.0
    ],
    [
      8.036620179483146,
      0.0
    ],
    [
      8.314128930144193,
      0.0
    ],
    [
      9.44445656183552,
      0.0
    ],
    [
      10.005921318569705,
      0.0
    ],
    [
      10.04214889958102,
      0.0
    ],
    [
      11.080492239213713,
      0.0
    ],
    [
      11.170386488888704,
      0.0
    ],
    [
      11.832152778636285,
      0.0
    ],
    [
      12.566370614359172,
      0.0
    ]
  ],
  "variation_type": [
    "low",
    "low",
    "low",
    "low",
    "low",
    "low",
    "low",
    "low",
    "low",
    "low",
    "low",
    "low"
  ],
  "amp_knots": [
    0.0,
    3.141357421875,
    6.28271484375,
    9.424072265625,
    12.5654296875
  ],
  "amp_values": [
    1.9945216243897383,
    6.3697517517808135,
    5.034824449642114,
    3.9666139851296847,
    6.928101954892424
  ],
  "noise_profile": {
    "has_noise": false,
    "noise_type": "none",
    "p_has_noise": 0.5,
    "p_gaussian": 0.5,
    "gaussian_std_relative": 0.15
  },
  "seed": 1040,
  "signal_id": "signal_040",
  "frequency_profile_type": "non_uniform_high_low",
  "noise_type": "none"
}