{
  "t_start": 0.0,
  "t_end": 12.566370614359172,
  "fs_high": 1024.0,
  "tau_frequency": 1.9,
  "tau_amplitude": "N/A",
  "amplitude_spline_type": "zero_order",
  "base_points": [
    [
      0.0,
      4.750841411643483
    ],
    [
      4.8373236802089385,
      2.5421149354690415
    ],
    [
      6.539325585939117,
      2.5421149354690415
    ],
    [
      10.062327287715032,
      2.5421149354690415
    ],
    [
      11.158259502348324,
      2.5421149354690415
    ],
    [
      12.566370614359172,
      3.6355298582434665
    ]
  ],
  "high_freq_points": [
    [
      0.0,
      0.0
    ],
    [
      4.8373236802089385,
      0.0
    ],
    [
      6.539325585939117,
      0.0
    ],
    [
      10.062327287715032,
      0.0
    ],
    [
      11.158259502348324,
      0.0
    ],
    [
      12.566370614359172,
      0.0
    ]
  ],
  "variation_type": [
    "low",
    "low",
    "low",
    "low",
    "low",
    "low"
  ],
  "amp_knots": [
    0.0,
    4.1884765625,
    8.376953125,
    12.5654296875
  ],
  "amp_values": [
    11.710186222317851,
    10.816940891611013,
    9.55634668548852,
    7.971214031465454
  ],
  "noise_profile": {
    "has_noise": false,
    "noise_type": "none",
    "p_has_noise": 0.5,
    "p_gaussian": 0.5,
    "gaussian_std_relative": 0.15
  },
  "seed": 1075,
  "signal_id": "signal_075",
  "frequency_profile_type": "non_uniform_high_low",
  "noise_type": "none"
}