{
  "t_start": 0.0,
  "t_end": 12.566370614359172,
  "fs_high": 1024.0,
  "tau_frequency": 1.6,
  "tau_amplitude": 15.0,
  "amplitude_spline_type": "tension",
  "base_points": [
    [
      0.0,
      4.242178072919836
    ],
    [
      0.5824544074090233,
      4.242178072919836
    ],
    [
      2.7067599070348756,
      2.8494256324048686
    ],
    [
      4.503685163544212,
      1.9710904206482591
    ],
    [
      4.5839483906478895,
      1.9710904206482591
    ],
    [
      5.669791758248739,
      2.8494256324048686
    ],
    [
      6.086720273943167,
      4.242178072919836
    ],
    [
      6.586374981479282,
      2.8494256324048686
    ],
    [
      6.8624193949770875,
      2.8494256324048686
    ],
    [
      7.396466703229322,
      2.8494256324048686
    ],
    [
      9.167123730427232,
      4.242178072919836
    ],
    [
      11.14873435958685,
      2.8494256324048686
    ],
    [
      12.566370614359172,
      2.8494256324048686
    ]
  ],
  "high_freq_points": [
    [
      0.0,
      0.0
    ],
    [
      0.5824544074090233,
      0.0
    ],
    [
      2.7067599070348756,
      67.96147258268647
    ],
    [
      3.4458152172491956,
      67.96147258268647
    ],
    [
      4.503685163544212,
      0.0
    ],
    [
      4.5839483906478895,
      0.0
    ],
    [
      5.669791758248739,
      95.210932875729
    ],
    [
      5.6915336104725816,
      95.210932875729
    ],
    [
      6.086720273943167,
      0.0
    ],
    [
      6.586374981479282,
      0.0
    ],
    [
      6.8624193949770875,
      0.0
    ],
    [
      7.396466703229322,
      0.0
    ],
    [
      9.167123730427232,
      29.44255928926986
    ],
    [
      9.330105681435505,
      29.44255928926986
    ],
    [
      11.14873435958685,
      0.0
    ],
    [
      12.566370614359172,
      0.0
    ]
  ],
  "variation_type": [
    "low",
    "low",
    "high",
    "low",
    "low",
    "high",
    "low",
    "low",
    "low",
    "low",
    "high",
    "low",
    "low"
  ],
  "amp_knots": [
    0.0,
    6.28271484375,
    12.5654296875
  ],
  "amp_values": [
    4.291428833599076,
    6.643561496656144,
    0.9996694932583428
  ],
  "noise_profile": {
    "has_noise": true,
    "noise_type": "structured",
    "p_has_noise": 0.5,
    "p_gaussian": 0.5,
    "gaussian_std_relative": 0.15,
    "structured_segments": 3,
    "segment_details": [
      {
        "start": 9.313067732835979,
        "end": 11.680455926140976,
        "amplitude": 0.7979237955339761,
        "frequency": 2.418863609299111,
        "type": "cos"
      },
      {
        "start": 4.206519322356137,
        "end": 6.538653769863279,
        "amplitude": 0.3414090847812675,
        "frequency": -127.04231391640047,
        "type": "cos"
      },
      {
        "start": 9.49861468110356,
        "end": 11.466876112184126,
        "amplitude": -0.39771279628895656,
        "frequency": -110.8557936480432,
        "type": "cos"
      }
    ]
  },
  "seed": 1081,
  "signal_id": "signal_081",
  "frequency_profile_type": "non_uniform_high_low",
  "noise_type": "structured"
}