{
  "t_start": 0.0,
  "t_end": 12.566370614359172,
  "fs_high": 1024.0,
  "tau_frequency": 1.9,
  "tau_amplitude": "N/A",
  "amplitude_spline_type": "zero_order",
  "base_points": [
    [
      0.0,
      4.620760968589144
    ],
    [
      0.3573204691807067,
      4.620760968589144
    ],
    [
      2.055698735320321,
      2.050520188144507
    ],
    [
      7.193985838797237,
      2.050520188144507
    ],
    [
      8.571682370887967,
      2.050520188144507
    ],
    [
      10.872783275333727,
      2.050520188144507
    ],
    [
      11.29578982658579,
      3.1719662753309943
    ],
    [
      12.566370614359172,
      3.7472748979698287
    ]
  ],
  "high_freq_points": [
    [
      0.0,
      0.0
    ],
    [
      0.3573204691807067,
      0.0
    ],
    [
      2.055698735320321,
      0.0
    ],
    [
      7.193985838797237,
      0.0
    ],
    [
      8.571682370887967,
      0.0
    ],
    [
      10.872783275333727,
      0.0
    ],
    [
      11.29578982658579,
      57.55799133338503
    ],
    [
      12.479284720897756,
      57.55799133338503
    ],
    [
      12.566370614359172,
      0.0
    ]
  ],
  "variation_type": [
    "low",
    "low",
    "low",
    "low",
    "low",
    "low",
    "high",
    "low"
  ],
  "amp_knots": [
    0.0,
    3.141357421875,
    6.28271484375,
    9.424072265625,
    12.5654296875
  ],
  "amp_values": [
    0.7737137104665167,
    0.9357971495751604,
    0.8938928683175368,
    0.7099498675124877,
    0.8689990381665735
  ],
  "noise_profile": {
    "has_noise": false,
    "noise_type": "none",
    "p_has_noise": 0.5,
    "p_gaussian": 0.5,
    "gaussian_std_relative": 0.15
  },
  "seed": 1093,
  "signal_id": "signal_093",
  "frequency_profile_type": "non_uniform_high_low",
  "noise_type": "none"
}