{
  "t_start": 0.0,
  "t_end": 12.566370614359172,
  "fs_high": 1024.0,
  "tau_frequency": 1.1,
  "tau_amplitude": "N/A",
  "amplitude_spline_type": "zero_order",
  "base_points": [
    [
      0.0,
      1.694742188930158
    ],
    [
      0.03836979864802237,
      1.2302138263851163
    ],
    [
      0.7165345306436575,
      3.9567092023558588
    ],
    [
      1.7364342141419182,
      3.9567092023558588
    ],
    [
      2.2695077909256423,
      3.9567092023558588
    ],
    [
      2.28115688765939,
      3.9567092023558588
    ],
    [
      2.489589738240928,
      3.9567092023558588
    ],
    [
      12.417127093066306,
      4.2323487720403445
    ],
    [
      12.566370614359172,
      4.2323487720403445
    ]
  ],
  "high_freq_points": [
    [
      0.0,
      42.50518961716023
    ],
    [
      0.01426091424622072,
      42.50518961716023
    ],
    [
      0.03836979864802237,
      0.0
    ],
    [
      0.7165345306436575,
      0.0
    ],
    [
      1.7364342141419182,
      0.0
    ],
    [
      2.2695077909256423,
      0.0
    ],
    [
      2.28115688765939,
      0.0
    ],
    [
      2.489589738240928,
      0.0
    ],
    [
      12.417127093066306,
      0.0
    ],
    [
      12.566370614359172,
      0.0
    ]
  ],
  "variation_type": [
    "high",
    "low",
    "low",
    "low",
    "low",
    "low",
    "low",
    "low",
    "low"
  ],
  "amp_knots": [
    0.0,
    3.141357421875,
    6.28271484375,
    9.424072265625,
    12.5654296875
  ],
  "amp_values": [
    0.5396522414451695,
    2.9285832849392395,
    4.724020246384882,
    3.8211100822652524,
    0.7355925479000954
  ],
  "noise_profile": {
    "has_noise": true,
    "noise_type": "structured",
    "p_has_noise": 0.5,
    "p_gaussian": 0.5,
    "gaussian_std_relative": 0.15,
    "structured_segments": 3,
    "segment_details": [
      {
        "start": 7.291726175862833,
        "end": 8.969626154324674,
        "amplitude": -0.372573338914618,
        "frequency": 144.68541110530253,
        "type": "cos"
      },
      {
        "start": 9.490337061777506,
        "end": 12.566370614359172,
        "amplitude": -0.25337008415068263,
        "frequency": -79.95125930421983,
        "type": "sin"
      },
      {
        "start": 7.4466357834980705,
        "end": 9.497130873276415,
        "amplitude": -0.2266866253929221,
        "frequency": 41.00494542142172,
        "type": "sin"
      }
    ]
  },
  "seed": 1070,
  "signal_id": "signal_070",
  "frequency_profile_type": "non_uniform_high_low",
  "noise_type": "structured"
}