{
  "t_start": 0.0,
  "t_end": 12.566370614359172,
  "fs_high": 1024.0,
  "tau_frequency": 1.75,
  "tau_amplitude": 3.0,
  "amplitude_spline_type": "tension",
  "base_points": [
    [
      0.0,
      3.756546836202982
    ],
    [
      3.8815468566183347,
      3.756546836202982
    ],
    [
      4.201347859626926,
      3.684140354810384
    ],
    [
      6.161774399027249,
      3.684140354810384
    ],
    [
      6.238127476803708,
      3.684140354810384
    ],
    [
      6.879355608388836,
      3.684140354810384
    ],
    [
      9.12202121630292,
      3.6245478331022123
    ],
    [
      10.195837610264391,
      4.724486949202021
    ],
    [
      11.366295733475233,
      4.724486949202021
    ],
    [
      11.50062370722245,
      4.724486949202021
    ],
    [
      11.899036696530322,
      3.6245478331022123
    ],
    [
      12.090912614809584,
      3.6245478331022123
    ],
    [
      12.566370614359172,
      3.6245478331022123
    ]
  ],
  "high_freq_points": [
    [
      0.0,
      0.0
    ],
    [
      3.8815468566183347,
      0.0
    ],
    [
      4.201347859626926,
      0.0
    ],
    [
      6.161774399027249,
      0.0
    ],
    [
      6.238127476803708,
      0.0
    ],
    [
      6.879355608388836,
      0.0
    ],
    [
      9.12202121630292,
      24.35407502698454
    ],
    [
      9.448818016668442,
      24.35407502698454
    ],
    [
      10.195837610264391,
      0.0
    ],
    [
      11.366295733475233,
      0.0
    ],
    [
      11.50062370722245,
      0.0
    ],
    [
      11.899036696530322,
      0.0
    ],
    [
      12.090912614809584,
      0.0
    ],
    [
      12.566370614359172,
      0.0
    ]
  ],
  "variation_type": [
    "low",
    "low",
    "low",
    "low",
    "low",
    "low",
    "high",
    "low",
    "low",
    "low",
    "low",
    "low",
    "low"
  ],
  "amp_knots": [
    0.0,
    2.5130859375,
    5.026171875,
    7.539257812500001,
    10.05234375,
    12.5654296875
  ],
  "amp_values": [
    4.426564673363038,
    3.6428905110779635,
    2.0853845123989205,
    4.094275184329626,
    1.93362639554193,
    3.5414030409643935
  ],
  "noise_profile": {
    "has_noise": false,
    "noise_type": "none",
    "p_has_noise": 0.5,
    "p_gaussian": 0.5,
    "gaussian_std_relative": 0.15
  },
  "seed": 1071,
  "signal_id": "signal_071",
  "frequency_profile_type": "non_uniform_high_low",
  "noise_type": "none"
}