{
  "t_start": 0.0,
  "t_end": 12.566370614359172,
  "fs_high": 1024.0,
  "tau_frequency": 1.15,
  "tau_amplitude": 1.0,
  "amplitude_spline_type": "tension",
  "base_points": [
    [
      0.0,
      3.206641766140893
    ],
    [
      5.423024284095704,
      3.206641766140893
    ],
    [
      6.828470272278628,
      3.206641766140893
    ],
    [
      7.123523798884202,
      4.577240017016434
    ],
    [
      10.01537810733575,
      3.8694257807229206
    ],
    [
      10.141641952818329,
      3.8694257807229206
    ],
    [
      12.085401414798195,
      3.8694257807229206
    ],
    [
      12.566370614359172,
      3.8694257807229206
    ]
  ],
  "high_freq_points": [
    [
      0.0,
      0.0
    ],
    [
      5.423024284095704,
      0.0
    ],
    [
      6.828470272278628,
      0.0
    ],
    [
      7.123523798884202,
      60.86906310992724
    ],
    [
      7.914153635391566,
      60.86906310992724
    ],
    [
      10.01537810733575,
      0.0
    ],
    [
      10.141641952818329,
      0.0
    ],
    [
      12.085401414798195,
      0.0
    ],
    [
      12.566370614359172,
      0.0
    ]
  ],
  "variation_type": [
    "low",
    "low",
    "low",
    "high",
    "low",
    "low",
    "low",
    "low"
  ],
  "amp_knots": [
    0.0,
    4.1884765625,
    8.376953125,
    12.5654296875
  ],
  "amp_values": [
    6.794689961548705,
    2.375765998592644,
    2.518009443092713,
    6.908502781988813
  ],
  "noise_profile": {
    "has_noise": false,
    "noise_type": "none",
    "p_has_noise": 0.5,
    "p_gaussian": 0.5,
    "gaussian_std_relative": 0.15
  },
  "seed": 1013,
  "signal_id": "signal_013",
  "frequency_profile_type": "non_uniform_high_low",
  "noise_type": "none"
}