{
  "t_start": 0.0,
  "t_end": 12.566370614359172,
  "fs_high": 1024.0,
  "tau_frequency": 1.9,
  "tau_amplitude": 8.0,
  "amplitude_spline_type": "tension",
  "base_points": [
    [
      0.0,
      1.732155027080518
    ],
    [
      0.3318785810864964,
      1.732155027080518
    ],
    [
      2.400977340904571,
      1.732155027080518
    ],
    [
      3.394276542952843,
      1.732155027080518
    ],
    [
      3.6194507946495196,
      1.732155027080518
    ],
    [
      5.232367552326167,
      1.732155027080518
    ],
    [
      5.272583053140908,
      1.732155027080518
    ],
    [
      6.507731154549485,
      1.732155027080518
    ],
    [
      10.433516135645071,
      1.732155027080518
    ],
    [
      12.566370614359172,
      1.1568527781942457
    ]
  ],
  "high_freq_points": [
    [
      0.0,
      0.0
    ],
    [
      0.3318785810864964,
      0.0
    ],
    [
      2.400977340904571,
      0.0
    ],
    [
      3.394276542952843,
      0.0
    ],
    [
      3.6194507946495196,
      0.0
    ],
    [
      5.232367552326167,
      0.0
    ],
    [
      5.272583053140908,
      0.0
    ],
    [
      6.507731154549485,
      0.0
    ],
    [
      10.433516135645071,
      75.16884785081058
    ],
    [
      10.779561366512443,
      75.16884785081058
    ],
    [
      12.566370614359172,
      0.0
    ]
  ],
  "variation_type": [
    "low",
    "low",
    "low",
    "low",
    "low",
    "low",
    "low",
    "low",
    "high",
    "low"
  ],
  "amp_knots": [
    0.0,
    2.5130859375,
    5.026171875,
    7.539257812500001,
    10.05234375,
    12.5654296875
  ],
  "amp_values": [
    8.385778868655066,
    4.784411481441725,
    8.457479617153432,
    4.657664937731664,
    8.527280900672913,
    4.529872329256052
  ],
  "noise_profile": {
    "has_noise": true,
    "noise_type": "gaussian",
    "p_has_noise": 0.5,
    "p_gaussian": 0.5,
    "gaussian_std_relative": 0.15,
    "noise_std": 0.7092885363026246,
    "gaussian_internal_strategy": "central_window"
  },
  "seed": 1001,
  "signal_id": "signal_001",
  "frequency_profile_type": "non_uniform_high_low",
  "noise_type": "gaussian"
}