{
  "t_start": 0.0,
  "t_end": 12.566370614359172,
  "fs_high": 1024.0,
  "tau_frequency": 1.55,
  "tau_amplitude": "N/A",
  "amplitude_spline_type": "zero_order",
  "base_points": [
    [
      0.0,
      1.285437509044462
    ],
    [
      0.16938569656699368,
      4.259253404632389
    ],
    [
      4.27011100432888,
      4.259253404632389
    ],
    [
      4.3747624285969255,
      1.6236243245679338
    ],
    [
      4.711453489709883,
      1.6236243245679338
    ],
    [
      6.21730861584974,
      1.6236243245679338
    ],
    [
      10.392223131844846,
      1.6236243245679338
    ],
    [
      11.8458235295846,
      1.6236243245679338
    ],
    [
      12.566370614359172,
      1.6236243245679338
    ]
  ],
  "high_freq_points": [
    [
      0.0,
      0.0
    ],
    [
      0.16938569656699368,
      0.0
    ],
    [
      4.27011100432888,
      0.0
    ],
    [
      4.3747624285969255,
      0.0
    ],
    [
      4.711453489709883,
      0.0
    ],
    [
      6.21730861584974,
      0.0
    ],
    [
      10.392223131844846,
      0.0
    ],
    [
      11.8458235295846,
      0.0
    ],
    [
      12.566370614359172,
      0.0
    ]
  ],
  "variation_type": [
    "low",
    "low",
    "low",
    "low",
    "low",
    "low",
    "low",
    "low",
    "low"
  ],
  "amp_knots": [
    0.0,
    6.28271484375,
    12.5654296875
  ],
  "amp_values": [
    0.8593537318452817,
    0.9779443643100033,
    1.4976917240760133
  ],
  "noise_profile": {
    "has_noise": false,
    "noise_type": "none",
    "p_has_noise": 0.5,
    "p_gaussian": 0.5,
    "gaussian_std_relative": 0.15
  },
  "seed": 1015,
  "signal_id": "signal_015",
  "frequency_profile_type": "non_uniform_high_low",
  "noise_type": "none"
}