{
  "t_start": 0.0,
  "t_end": 12.566370614359172,
  "fs_high": 1024.0,
  "tau_frequency": 1.5,
  "tau_amplitude": "N/A",
  "amplitude_spline_type": "zero_order",
  "base_points": [
    [
      0.0,
      4.528230376025235
    ],
    [
      2.789127698934425,
      4.528230376025235
    ],
    [
      3.4304145217796864,
      4.528230376025235
    ],
    [
      5.0668196997609565,
      3.0454210034966587
    ],
    [
      5.4271139773299595,
      3.0454210034966587
    ],
    [
      7.839378735356938,
      3.0454210034966587
    ],
    [
      8.14749756288655,
      3.0454210034966587
    ],
    [
      8.470377032422256,
      3.0454210034966587
    ],
    [
      10.764202415804695,
      3.0454210034966587
    ],
    [
      11.638915860167328,
      4.68656256440317
    ],
    [
      11.963511172868056,
      3.8489075368499828
    ],
    [
      11.974338291522379,
      3.8489075368499828
    ],
    [
      12.566370614359172,
      3.8489075368499828
    ]
  ],
  "high_freq_points": [
    [
      0.0,
      0.0
    ],
    [
      2.789127698934425,
      0.0
    ],
    [
      3.4304145217796864,
      0.0
    ],
    [
      5.0668196997609565,
      0.0
    ],
    [
      5.4271139773299595,
      0.0
    ],
    [
      7.839378735356938,
      0.0
    ],
    [
      8.14749756288655,
      0.0
    ],
    [
      8.470377032422256,
      0.0
    ],
    [
      10.764202415804695,
      0.0
    ],
    [
      11.638915860167328,
      0.0
    ],
    [
      11.963511172868056,
      0.0
    ],
    [
      11.974338291522379,
      0.0
    ],
    [
      12.566370614359172,
      0.0
    ]
  ],
  "variation_type": [
    "low",
    "low",
    "low",
    "low",
    "low",
    "low",
    "low",
    "low",
    "low",
    "low",
    "low",
    "low",
    "low"
  ],
  "amp_knots": [
    0.0,
    3.141357421875,
    6.28271484375,
    9.424072265625,
    12.5654296875
  ],
  "amp_values": [
    2.130451756941658,
    0.5631560245050834,
    1.5051090648461816,
    2.2344671950379253,
    0.9760998192672807
  ],
  "noise_profile": {
    "has_noise": false,
    "noise_type": "none",
    "p_has_noise": 0.5,
    "p_gaussian": 0.5,
    "gaussian_std_relative": 0.15
  },
  "seed": 1098,
  "signal_id": "signal_098",
  "frequency_profile_type": "non_uniform_high_low",
  "noise_type": "none"
}