{
  "t_start": 0.0,
  "t_end": 12.566370614359172,
  "fs_high": 1024.0,
  "tau_frequency": 1.45,
  "tau_amplitude": "N/A",
  "amplitude_spline_type": "zero_order",
  "base_points": [
    [
      0.0,
      2.2307818351102493
    ],
    [
      1.5635807296881588,
      3.660219852834714
    ],
    [
      2.990190655746908,
      3.660219852834714
    ],
    [
      5.746124080921318,
      3.660219852834714
    ],
    [
      6.028660314545648,
      3.660219852834714
    ],
    [
      7.756106567956689,
      3.9289481814702434
    ],
    [
      11.09253904177788,
      3.9289481814702434
    ],
    [
      11.182867414167232,
      4.136505254849071
    ],
    [
      12.230199945045726,
      4.136505254849071
    ],
    [
      12.42195197269011,
      4.136505254849071
    ],
    [
      12.566370614359172,
      2.2307818351102493
    ]
  ],
  "high_freq_points": [
    [
      0.0,
      0.0
    ],
    [
      1.5635807296881588,
      0.0
    ],
    [
      2.990190655746908,
      0.0
    ],
    [
      5.746124080921318,
      0.0
    ],
    [
      6.028660314545648,
      0.0
    ],
    [
      7.756106567956689,
      0.0
    ],
    [
      11.09253904177788,
      0.0
    ],
    [
      11.182867414167232,
      0.0
    ],
    [
      12.230199945045726,
      0.0
    ],
    [
      12.42195197269011,
      0.0
    ],
    [
      12.566370614359172,
      0.0
    ]
  ],
  "variation_type": [
    "low",
    "low",
    "low",
    "low",
    "low",
    "low",
    "low",
    "low",
    "low",
    "low",
    "low"
  ],
  "amp_knots": [
    0.0,
    4.1884765625,
    8.376953125,
    12.5654296875
  ],
  "amp_values": [
    4.434360811336063,
    4.560992337732832,
    4.650689162184264,
    5.288576694050383
  ],
  "noise_profile": {
    "has_noise": false,
    "noise_type": "none",
    "p_has_noise": 0.5,
    "p_gaussian": 0.5,
    "gaussian_std_relative": 0.15
  },
  "seed": 1038,
  "signal_id": "signal_038",
  "frequency_profile_type": "non_uniform_high_low",
  "noise_type": "none"
}