{
  "t_start": 0.0,
  "t_end": 12.566370614359172,
  "fs_high": 1024.0,
  "tau_frequency": 1.6,
  "tau_amplitude": "N/A",
  "amplitude_spline_type": "zero_order",
  "base_points": [
    [
      0.0,
      3.855002825243469
    ],
    [
      1.5484338722175606,
      3.855002825243469
    ],
    [
      2.2329103949270426,
      3.855002825243469
    ],
    [
      4.210683761285213,
      3.7040682190385468
    ],
    [
      4.756495494800532,
      3.7040682190385468
    ],
    [
      6.905676628096921,
      2.8702193944092045
    ],
    [
      10.638067362385968,
      3.7040682190385468
    ],
    [
      12.172867800411568,
      3.7040682190385468
    ],
    [
      12.566370614359172,
      3.7040682190385468
    ]
  ],
  "high_freq_points": [
    [
      0.0,
      0.0
    ],
    [
      1.5484338722175606,
      0.0
    ],
    [
      2.2329103949270426,
      0.0
    ],
    [
      4.210683761285213,
      0.0
    ],
    [
      4.756495494800532,
      0.0
    ],
    [
      6.905676628096921,
      0.0
    ],
    [
      10.638067362385968,
      69.76150754883503
    ],
    [
      10.716359934565002,
      69.76150754883503
    ],
    [
      12.172867800411568,
      0.0
    ],
    [
      12.566370614359172,
      0.0
    ]
  ],
  "variation_type": [
    "low",
    "low",
    "low",
    "low",
    "low",
    "low",
    "high",
    "low",
    "low"
  ],
  "amp_knots": [
    0.0,
    3.141357421875,
    6.28271484375,
    9.424072265625,
    12.5654296875
  ],
  "amp_values": [
    9.646475856046385,
    8.948798134427694,
    6.071328165902775,
    1.714974232664911,
    3.0591215559428986
  ],
  "noise_profile": {
    "has_noise": false,
    "noise_type": "none",
    "p_has_noise": 0.5,
    "p_gaussian": 0.5,
    "gaussian_std_relative": 0.15
  },
  "seed": 1033,
  "signal_id": "signal_033",
  "frequency_profile_type": "non_uniform_high_low",
  "noise_type": "none"
}