{
  "t_start": 0.0,
  "t_end": 12.566370614359172,
  "fs_high": 1024.0,
  "tau_frequency": 1.7000000000000002,
  "tau_amplitude": "N/A",
  "amplitude_spline_type": "zero_order",
  "base_points": [
    [
      0.0,
      1.090411851768307
    ],
    [
      0.6647453506103816,
      1.090411851768307
    ],
    [
      3.693481525226107,
      4.314003211342492
    ],
    [
      4.179058895182058,
      2.93672260644457
    ],
    [
      4.661841667905956,
      1.735910965550341
    ],
    [
      5.598088076697184,
      1.735910965550341
    ],
    [
      6.372381148742732,
      4.181905367248623
    ],
    [
      9.349294654988748,
      4.181905367248623
    ],
    [
      9.400519125477784,
      4.181905367248623
    ],
    [
      9.734548745929503,
      4.181905367248623
    ],
    [
      12.566370614359172,
      4.181905367248623
    ]
  ],
  "high_freq_points": [
    [
      0.0,
      0.0
    ],
    [
      0.6647453506103816,
      0.0
    ],
    [
      3.693481525226107,
      84.57178691824477
    ],
    [
      3.7657295393801444,
      84.57178691824477
    ],
    [
      4.179058895182058,
      0.0
    ],
    [
      4.661841667905956,
      0.0
    ],
    [
      5.598088076697184,
      0.0
    ],
    [
      6.372381148742732,
      0.0
    ],
    [
      9.349294654988748,
      0.0
    ],
    [
      9.400519125477784,
      0.0
    ],
    [
      9.734548745929503,
      0.0
    ],
    [
      12.566370614359172,
      0.0
    ]
  ],
  "variation_type": [
    "low",
    "low",
    "high",
    "low",
    "low",
    "low",
    "low",
    "low",
    "low",
    "low",
    "low"
  ],
  "amp_knots": [
    0.0,
    2.5130859375,
    5.026171875,
    7.539257812500001,
    10.05234375,
    12.5654296875
  ],
  "amp_values": [
    3.1639743640031894,
    1.6247952166426658,
    3.195128537797798,
    3.947300232076941,
    3.688705210263357,
    2.4855606906148306
  ],
  "noise_profile": {
    "has_noise": false,
    "noise_type": "none",
    "p_has_noise": 0.5,
    "p_gaussian": 0.5,
    "gaussian_std_relative": 0.15
  },
  "seed": 1043,
  "signal_id": "signal_043",
  "frequency_profile_type": "non_uniform_high_low",
  "noise_type": "none"
}