{
  "t_start": 0.0,
  "t_end": 12.566370614359172,
  "fs_high": 1024.0,
  "tau_frequency": 1.1,
  "tau_amplitude": 8.0,
  "amplitude_spline_type": "tension",
  "base_points": [
    [
      0.0,
      2.968524529954333
    ],
    [
      0.44651118851945965,
      2.968524529954333
    ],
    [
      0.719940669976145,
      2.968524529954333
    ],
    [
      0.7221073202028214,
      2.968524529954333
    ],
    [
      1.317298671624386,
      2.968524529954333
    ],
    [
      1.8744383718445286,
      2.968524529954333
    ],
    [
      2.431692421679047,
      3.3861762135067877
    ],
    [
      5.219064108393921,
      3.3861762135067877
    ],
    [
      5.307976648991605,
      3.3861762135067877
    ],
    [
      5.717919226711894,
      3.3861762135067877
    ],
    [
      6.934996576486238,
      3.3861762135067877
    ],
    [
      9.590843328470324,
      4.229278198997209
    ],
    [
      12.566370614359172,
      1.910332335176884
    ]
  ],
  "high_freq_points": [
    [
      0.0,
      0.0
    ],
    [
      0.44651118851945965,
      0.0
    ],
    [
      0.719940669976145,
      0.0
    ],
    [
      0.7221073202028214,
      0.0
    ],
    [
      1.317298671624386,
      0.0
    ],
    [
      1.8744383718445286,
      0.0
    ],
    [
      2.431692421679047,
      0.0
    ],
    [
      5.219064108393921,
      0.0
    ],
    [
      5.307976648991605,
      0.0
    ],
    [
      5.717919226711894,
      0.0
    ],
    [
      6.934996576486238,
      0.0
    ],
    [
      9.590843328470324,
      0.0
    ],
    [
      12.566370614359172,
      0.0
    ]
  ],
  "variation_type": [
    "low",
    "low",
    "low",
    "low",
    "low",
    "low",
    "low",
    "low",
    "low",
    "low",
    "low",
    "low",
    "low"
  ],
  "amp_knots": [
    0.0,
    4.1884765625,
    8.376953125,
    12.5654296875
  ],
  "amp_values": [
    4.647644086651353,
    3.2975747282565266,
    1.8605798158766749,
    5.346045528423469
  ],
  "noise_profile": {
    "has_noise": true,
    "noise_type": "structured",
    "p_has_noise": 0.5,
    "p_gaussian": 0.5,
    "gaussian_std_relative": 0.15,
    "structured_segments": 3,
    "segment_details": [
      {
        "start": 5.863563050697752,
        "end": 9.290182311954744,
        "amplitude": 0.4912355601577648,
        "frequency": -26.161061911178027,
        "type": "sin"
      },
      {
        "start": 5.031666534060976,
        "end": 8.750525328771637,
        "amplitude": -0.24805169077481115,
        "frequency": 77.96697774770458,
        "type": "cos"
      },
      {
        "start": 6.994161431065592,
        "end": 8.649800796992228,
        "amplitude": -0.3474439187605025,
        "frequency": -94.10683396371239,
        "type": "sin"
      }
    ]
  },
  "seed": 1088,
  "signal_id": "signal_088",
  "frequency_profile_type": "non_uniform_high_low",
  "noise_type": "structured"
}