{
  "t_start": 0.0,
  "t_end": 12.566370614359172,
  "fs_high": 1024.0,
  "tau_frequency": 1.85,
  "tau_amplitude": 20.0,
  "amplitude_spline_type": "tension",
  "base_points": [
    [
      0.0,
      3.84960378165069
    ],
    [
      0.302786113914978,
      3.84960378165069
    ],
    [
      0.535736821325706,
      2.4497434564463396
    ],
    [
      1.9784801305269901,
      2.4497434564463396
    ],
    [
      5.226387963309794,
      2.4497434564463396
    ],
    [
      6.633848453557718,
      2.4497434564463396
    ],
    [
      7.263288937890467,
      2.4497434564463396
    ],
    [
      7.458828455465261,
      2.4497434564463396
    ],
    [
      8.519038876154765,
      2.4497434564463396
    ],
    [
      9.515601531312177,
      2.4497434564463396
    ],
    [
      10.468913515436853,
      4.038976904547545
    ],
    [
      11.741210696725732,
      4.038976904547545
    ],
    [
      12.566370614359172,
      4.038976904547545
    ]
  ],
  "high_freq_points": [
    [
      0.0,
      0.0
    ],
    [
      0.302786113914978,
      66.8392373720315
    ],
    [
      0.4066495387628942,
      66.8392373720315
    ],
    [
      0.535736821325706,
      0.0
    ],
    [
      1.9784801305269901,
      0.0
    ],
    [
      5.226387963309794,
      0.0
    ],
    [
      6.633848453557718,
      0.0
    ],
    [
      7.263288937890467,
      0.0
    ],
    [
      7.458828455465261,
      0.0
    ],
    [
      8.519038876154765,
      0.0
    ],
    [
      9.515601531312177,
      0.0
    ],
    [
      10.468913515436853,
      0.0
    ],
    [
      11.741210696725732,
      0.0
    ],
    [
      12.566370614359172,
      0.0
    ]
  ],
  "variation_type": [
    "low",
    "high",
    "low",
    "low",
    "low",
    "low",
    "low",
    "low",
    "low",
    "low",
    "low",
    "low",
    "low"
  ],
  "amp_knots": [
    0.0,
    4.1884765625,
    8.376953125,
    12.5654296875
  ],
  "amp_values": [
    6.7734113934197495,
    2.8309626990678765,
    6.354650502089582,
    3.7709535753951844
  ],
  "noise_profile": {
    "has_noise": true,
    "noise_type": "structured",
    "p_has_noise": 0.5,
    "p_gaussian": 0.5,
    "gaussian_std_relative": 0.15,
    "structured_segments": 3,
    "segment_details": [
      {
        "start": 3.266636833864914,
        "end": 4.597669360671634,
        "amplitude": -0.48386062509780714,
        "frequency": 56.96315680163652,
        "type": "sin"
      },
      {
        "start": 0.5744991614728487,
        "end": 3.622838309025697,
        "amplitude": -0.1850826830661592,
        "frequency": -116.8405270028475,
        "type": "sin"
      },
      {
        "start": 4.821484890758763,
        "end": 7.737414273877638,
        "amplitude": -0.17976175504222722,
        "frequency": 78.03333730377084,
        "type": "cos"
      }
    ]
  },
  "seed": 1062,
  "signal_id": "signal_062",
  "frequency_profile_type": "non_uniform_high_low",
  "noise_type": "structured"
}