{
  "t_start": 0.0,
  "t_end": 12.566370614359172,
  "fs_high": 1024.0,
  "tau_frequency": 1.85,
  "tau_amplitude": 12.0,
  "amplitude_spline_type": "tension",
  "base_points": [
    [
      0.0,
      1.71359597369063
    ],
    [
      3.033658867448491,
      4.884337165455533
    ],
    [
      5.02891969863166,
      4.884337165455533
    ],
    [
      5.420268058949628,
      1.71359597369063
    ],
    [
      9.307255575299994,
      1.71359597369063
    ],
    [
      9.857742650204736,
      1.71359597369063
    ],
    [
      12.566370614359172,
      3.8769898186438385
    ]
  ],
  "high_freq_points": [
    [
      0.0,
      0.0
    ],
    [
      3.033658867448491,
      0.0
    ],
    [
      5.02891969863166,
      0.0
    ],
    [
      5.420268058949628,
      0.0
    ],
    [
      9.307255575299994,
      0.0
    ],
    [
      9.857742650204736,
      0.0
    ],
    [
      12.566370614359172,
      0.0
    ]
  ],
  "variation_type": [
    "low",
    "low",
    "low",
    "low",
    "low",
    "low",
    "low"
  ],
  "amp_knots": [
    0.0,
    6.28271484375,
    12.5654296875
  ],
  "amp_values": [
    0.14538744813384313,
    0.15984050996710109,
    0.1294603520671598
  ],
  "noise_profile": {
    "has_noise": false,
    "noise_type": "none",
    "p_has_noise": 0.5,
    "p_gaussian": 0.5,
    "gaussian_std_relative": 0.15
  },
  "seed": 1057,
  "signal_id": "signal_057",
  "frequency_profile_type": "non_uniform_high_low",
  "noise_type": "none"
}