{
  "t_start": 0.0,
  "t_end": 12.566370614359172,
  "fs_high": 1024.0,
  "tau_frequency": 1.05,
  "tau_amplitude": 8.0,
  "amplitude_spline_type": "tension",
  "base_points": [
    [
      0.0,
      4.204772445641748
    ],
    [
      0.09034899119808691,
      4.204772445641748
    ],
    [
      0.5499104108560723,
      1.173020701094977
    ],
    [
      0.5854621965043947,
      2.9540226761071224
    ],
    [
      3.9939467068949868,
      1.9978252635947706
    ],
    [
      8.897671619660594,
      1.9978252635947706
    ],
    [
      10.592576735867288,
      1.9978252635947706
    ],
    [
      11.756746346906802,
      1.9978252635947706
    ],
    [
      11.8837629891192,
      2.283937940212783
    ],
    [
      12.028745144446873,
      4.204772445641748
    ],
    [
      12.566370614359172,
      4.204772445641748
    ]
  ],
  "high_freq_points": [
    [
      0.0,
      0.0
    ],
    [
      0.09034899119808691,
      0.0
    ],
    [
      0.5499104108560723,
      30.493869452925306
    ],
    [
      0.5807775768452651,
      30.493869452925306
    ],
    [
      0.5854621965043947,
      0.0
    ],
    [
      3.9939467068949868,
      0.0
    ],
    [
      8.897671619660594,
      0.0
    ],
    [
      10.592576735867288,
      0.0
    ],
    [
      11.756746346906802,
      0.0
    ],
    [
      11.8837629891192,
      0.0
    ],
    [
      12.028745144446873,
      0.0
    ],
    [
      12.566370614359172,
      0.0
    ]
  ],
  "variation_type": [
    "low",
    "low",
    "high",
    "low",
    "low",
    "low",
    "low",
    "low",
    "low",
    "low",
    "low"
  ],
  "amp_knots": [
    0.0,
    3.141357421875,
    6.28271484375,
    9.424072265625,
    12.5654296875
  ],
  "amp_values": [
    3.700794391660715,
    6.9575959367683495,
    3.864064182805108,
    2.756274197012818,
    6.860907443371941
  ],
  "noise_profile": {
    "has_noise": false,
    "noise_type": "none",
    "p_has_noise": 0.5,
    "p_gaussian": 0.5,
    "gaussian_std_relative": 0.15
  },
  "seed": 1068,
  "signal_id": "signal_068",
  "frequency_profile_type": "non_uniform_high_low",
  "noise_type": "none"
}