{
  "t_start": 0.0,
  "t_end": 12.566370614359172,
  "fs_high": 1024.0,
  "tau_frequency": 1.0,
  "tau_amplitude": "N/A",
  "amplitude_spline_type": "zero_order",
  "base_points": [
    [
      0.0,
      4.5155466980104535
    ],
    [
      2.0404607463276623,
      4.5155466980104535
    ],
    [
      3.032779973805674,
      4.5155466980104535
    ],
    [
      5.984516099148119,
      4.5155466980104535
    ],
    [
      7.111072184688993,
      4.5155466980104535
    ],
    [
      8.210303679483268,
      4.5155466980104535
    ],
    [
      11.800143430341897,
      3.196147910942247
    ],
    [
      12.287257927149868,
      3.196147910942247
    ],
    [
      12.566370614359172,
      3.196147910942247
    ]
  ],
  "high_freq_points": [
    [
      0.0,
      0.0
    ],
    [
      2.0404607463276623,
      0.0
    ],
    [
      3.032779973805674,
      0.0
    ],
    [
      5.984516099148119,
      0.0
    ],
    [
      7.111072184688993,
      0.0
    ],
    [
      8.210303679483268,
      0.0
    ],
    [
      11.800143430341897,
      0.0
    ],
    [
      12.287257927149868,
      0.0
    ],
    [
      12.566370614359172,
      0.0
    ]
  ],
  "variation_type": [
    "low",
    "low",
    "low",
    "low",
    "low",
    "low",
    "low",
    "low",
    "low"
  ],
  "amp_knots": [
    0.0,
    4.1884765625,
    8.376953125,
    12.5654296875
  ],
  "amp_values": [
    2.3505765419881035,
    1.8575378318186622,
    0.6338928604870925,
    2.4433636011666646
  ],
  "noise_profile": {
    "has_noise": true,
    "noise_type": "structured",
    "p_has_noise": 0.5,
    "p_gaussian": 0.5,
    "gaussian_std_relative": 0.15,
    "structured_segments": 3,
    "segment_details": [
      {
        "start": 8.652738405397455,
        "end": 9.826970029072742,
        "amplitude": 0.03982681928777047,
        "frequency": -125.26178963664155,
        "type": "cos"
      },
      {
        "start": 3.178783559828148,
        "end": 5.398199124228103,
        "amplitude": -0.030298637172141027,
        "frequency": 134.39648017411886,
        "type": "cos"
      },
      {
        "start": 8.040762653744903,
        "end": 9.305569577742602,
        "amplitude": -0.13096683168143697,
        "frequency": 69.03784958117792,
        "type": "sin"
      }
    ]
  },
  "seed": 1046,
  "signal_id": "signal_046",
  "frequency_profile_type": "non_uniform_high_low",
  "noise_type": "structured"
}