{
  "t_start": 0.0,
  "t_end": 12.566370614359172,
  "fs_high": 1024.0,
  "tau_frequency": 2.0,
  "tau_amplitude": "N/A",
  "amplitude_spline_type": "zero_order",
  "base_points": [
    [
      0.0,
      3.320397902831398
    ],
    [
      2.0044920794531085,
      3.320397902831398
    ],
    [
      2.210128683662901,
      3.320397902831398
    ],
    [
      2.2819112448627448,
      3.320397902831398
    ],
    [
      3.1733625829622545,
      4.46382745368056
    ],
    [
      3.77770880339258,
      1.2698286102720502
    ],
    [
      4.64979846219439,
      1.2698286102720502
    ],
    [
      6.313214528024437,
      1.2698286102720502
    ],
    [
      12.058608581978651,
      1.2502090380589266
    ],
    [
      12.566370614359172,
      3.988312605298813
    ]
  ],
  "high_freq_points": [
    [
      0.0,
      0.0
    ],
    [
      2.0044920794531085,
      0.0
    ],
    [
      2.210128683662901,
      0.0
    ],
    [
      2.2819112448627448,
      0.0
    ],
    [
      3.1733625829622545,
      40.949797266816674
    ],
    [
      3.5521193182084425,
      40.949797266816674
    ],
    [
      3.77770880339258,
      0.0
    ],
    [
      4.64979846219439,
      0.0
    ],
    [
      6.313214528024437,
      0.0
    ],
    [
      12.058608581978651,
      0.0
    ],
    [
      12.566370614359172,
      0.0
    ]
  ],
  "variation_type": [
    "low",
    "low",
    "low",
    "low",
    "high",
    "low",
    "low",
    "low",
    "low",
    "low"
  ],
  "amp_knots": [
    0.0,
    2.5130859375,
    5.026171875,
    7.539257812500001,
    10.05234375,
    12.5654296875
  ],
  "amp_values": [
    0.37502548261035495,
    0.6630027020861142,
    0.6335618250172711,
    0.6772413832100741,
    0.6299197286452187,
    0.47302477807422544
  ],
  "noise_profile": {
    "has_noise": false,
    "noise_type": "none",
    "p_has_noise": 0.5,
    "p_gaussian": 0.5,
    "gaussian_std_relative": 0.15
  },
  "seed": 1092,
  "signal_id": "signal_092",
  "frequency_profile_type": "non_uniform_high_low",
  "noise_type": "none"
}