{
  "t_start": 0.0,
  "t_end": 12.566370614359172,
  "fs_high": 1024.0,
  "tau_frequency": 1.75,
  "tau_amplitude": 15.0,
  "amplitude_spline_type": "tension",
  "base_points": [
    [
      0.0,
      2.6916844204371513
    ],
    [
      3.6590052653333185,
      2.6916844204371513
    ],
    [
      5.215372798519088,
      2.6916844204371513
    ],
    [
      5.861423258201968,
      2.6916844204371513
    ],
    [
      7.0038281029607585,
      2.6916844204371513
    ],
    [
      9.309868526356613,
      2.6916844204371513
    ],
    [
      10.074543806847258,
      3.6855915216458226
    ],
    [
      10.217572466748306,
      3.6855915216458226
    ],
    [
      10.33483521376506,
      3.6855915216458226
    ],
    [
      10.507215645067157,
      3.6855915216458226
    ],
    [
      11.620540250219022,
      2.158212772151875
    ],
    [
      12.359440364875523,
      2.158212772151875
    ],
    [
      12.566370614359172,
      2.158212772151875
    ]
  ],
  "high_freq_points": [
    [
      0.0,
      0.0
    ],
    [
      3.6590052653333185,
      0.0
    ],
    [
      5.215372798519088,
      0.0
    ],
    [
      5.861423258201968,
      0.0
    ],
    [
      7.0038281029607585,
      0.0
    ],
    [
      9.309868526356613,
      0.0
    ],
    [
      10.074543806847258,
      0.0
    ],
    [
      10.217572466748306,
      0.0
    ],
    [
      10.33483521376506,
      0.0
    ],
    [
      10.507215645067157,
      0.0
    ],
    [
      11.620540250219022,
      0.0
    ],
    [
      12.359440364875523,
      0.0
    ],
    [
      12.566370614359172,
      0.0
    ]
  ],
  "variation_type": [
    "low",
    "low",
    "low",
    "low",
    "low",
    "low",
    "low",
    "low",
    "low",
    "low",
    "low",
    "low",
    "low"
  ],
  "amp_knots": [
    0.0,
    6.28271484375,
    12.5654296875
  ],
  "amp_values": [
    8.366229273472161,
    3.7067436502696864,
    2.868743236432988
  ],
  "noise_profile": {
    "has_noise": true,
    "noise_type": "gaussian",
    "p_has_noise": 0.5,
    "p_gaussian": 0.5,
    "gaussian_std_relative": 0.15,
    "noise_std": 0.5248076469251374,
    "gaussian_internal_strategy": "high_segments"
  },
  "seed": 1048,
  "signal_id": "signal_048",
  "frequency_profile_type": "non_uniform_high_low",
  "noise_type": "gaussian"
}