{
  "t_start": 0.0,
  "t_end": 12.566370614359172,
  "fs_high": 1024.0,
  "tau_frequency": 1.3,
  "tau_amplitude": "N/A",
  "amplitude_spline_type": "zero_order",
  "base_points": [
    [
      0.0,
      1.6695160224851873
    ],
    [
      0.21869467898167655,
      3.7548254304433097
    ],
    [
      0.9925586295187003,
      3.7548254304433097
    ],
    [
      1.1978375607047305,
      3.7548254304433097
    ],
    [
      2.3110271390859936,
      3.7548254304433097
    ],
    [
      3.871793769144469,
      3.7548254304433097
    ],
    [
      9.193612897091093,
      3.7548254304433097
    ],
    [
      9.873712791596502,
      3.7548254304433097
    ],
    [
      11.400062087415925,
      3.7548254304433097
    ],
    [
      11.585864957979506,
      3.7548254304433097
    ],
    [
      12.566370614359172,
      3.8151810862663376
    ]
  ],
  "high_freq_points": [
    [
      0.0,
      38.15841965285915
    ],
    [
      0.03615740298499101,
      38.15841965285915
    ],
    [
      0.21869467898167655,
      0.0
    ],
    [
      0.9925586295187003,
      0.0
    ],
    [
      1.1978375607047305,
      0.0
    ],
    [
      2.3110271390859936,
      0.0
    ],
    [
      3.871793769144469,
      0.0
    ],
    [
      9.193612897091093,
      0.0
    ],
    [
      9.873712791596502,
      0.0
    ],
    [
      11.400062087415925,
      0.0
    ],
    [
      11.585864957979506,
      0.0
    ],
    [
      12.566370614359172,
      0.0
    ]
  ],
  "variation_type": [
    "high",
    "low",
    "low",
    "low",
    "low",
    "low",
    "low",
    "low",
    "low",
    "low",
    "low"
  ],
  "amp_knots": [
    0.0,
    3.141357421875,
    6.28271484375,
    9.424072265625,
    12.5654296875
  ],
  "amp_values": [
    2.0960984987135878,
    1.6306029120294814,
    0.7968945962963081,
    1.3760080080682844,
    1.8572988838514326
  ],
  "noise_profile": {
    "has_noise": false,
    "noise_type": "none",
    "p_has_noise": 0.5,
    "p_gaussian": 0.5,
    "gaussian_std_relative": 0.15
  },
  "seed": 1003,
  "signal_id": "signal_003",
  "frequency_profile_type": "non_uniform_high_low",
  "noise_type": "none"
}