{
  "t_start": 0.0,
  "t_end": 12.566370614359172,
  "fs_high": 1024.0,
  "tau_frequency": 1.4,
  "tau_amplitude": "N/A",
  "amplitude_spline_type": "zero_order",
  "base_points": [
    [
      0.0,
      4.561135772183032
    ],
    [
      0.7379847327800045,
      4.561135772183032
    ],
    [
      6.191861849396311,
      4.561135772183032
    ],
    [
      7.905532371409113,
      4.561135772183032
    ],
    [
      9.74691148378855,
      4.561135772183032
    ],
    [
      9.866775816156471,
      3.455969905811282
    ],
    [
      11.209796132087106,
      3.455969905811282
    ],
    [
      11.375292906291765,
      3.455969905811282
    ],
    [
      11.435913172136702,
      3.455969905811282
    ],
    [
      12.566370614359172,
      3.455969905811282
    ]
  ],
  "high_freq_points": [
    [
      0.0,
      0.0
    ],
    [
      0.7379847327800045,
      0.0
    ],
    [
      6.191861849396311,
      0.0
    ],
    [
      7.905532371409113,
      0.0
    ],
    [
      9.74691148378855,
      0.0
    ],
    [
      9.866775816156471,
      0.0
    ],
    [
      11.209796132087106,
      0.0
    ],
    [
      11.375292906291765,
      0.0
    ],
    [
      11.435913172136702,
      0.0
    ],
    [
      12.566370614359172,
      0.0
    ]
  ],
  "variation_type": [
    "low",
    "low",
    "low",
    "low",
    "low",
    "low",
    "low",
    "low",
    "low",
    "low"
  ],
  "amp_knots": [
    0.0,
    2.5130859375,
    5.026171875,
    7.539257812500001,
    10.05234375,
    12.5654296875
  ],
  "amp_values": [
    2.3818914889954397,
    7.426904483814452,
    7.494342588776008,
    2.268031080552099,
    9.055584963358136,
    3.9655532352245086
  ],
  "noise_profile": {
    "has_noise": false,
    "noise_type": "none",
    "p_has_noise": 0.5,
    "p_gaussian": 0.5,
    "gaussian_std_relative": 0.15
  },
  "seed": 1063,
  "signal_id": "signal_063",
  "frequency_profile_type": "non_uniform_high_low",
  "noise_type": "none"
}