{
  "t_start": 0.0,
  "t_end": 12.566370614359172,
  "fs_high": 1024.0,
  "tau_frequency": 1.2,
  "tau_amplitude": 10.0,
  "amplitude_spline_type": "tension",
  "base_points": [
    [
      0.0,
      3.399906368561323
    ],
    [
      4.741770512748276,
      2.1230199652793984
    ],
    [
      5.322737508911839,
      2.6506595868763836
    ],
    [
      5.511099115266753,
      2.6506595868763836
    ],
    [
      6.26355406128135,
      2.6506595868763836
    ],
    [
      6.885450909456505,
      2.6506595868763836
    ],
    [
      6.943524601960364,
      2.6506595868763836
    ],
    [
      7.871839078532037,
      2.6506595868763836
    ],
    [
      8.43328769925891,
      2.6506595868763836
    ],
    [
      9.510986537014409,
      2.6506595868763836
    ],
    [
      10.267296600773651,
      2.6506595868763836
    ],
    [
      12.38223595418855,
      2.6506595868763836
    ],
    [
      12.566370614359172,
      2.6506595868763836
    ]
  ],
  "high_freq_points": [
    [
      0.0,
      0.0
    ],
    [
      4.741770512748276,
      98.90160527350277
    ],
    [
      5.110489364069045,
      98.90160527350277
    ],
    [
      5.322737508911839,
      0.0
    ],
    [
      5.511099115266753,
      0.0
    ],
    [
      6.26355406128135,
      0.0
    ],
    [
      6.885450909456505,
      0.0
    ],
    [
      6.943524601960364,
      0.0
    ],
    [
      7.871839078532037,
      0.0
    ],
    [
      8.43328769925891,
      0.0
    ],
    [
      9.510986537014409,
      0.0
    ],
    [
      10.267296600773651,
      0.0
    ],
    [
      12.38223595418855,
      0.0
    ],
    [
      12.566370614359172,
      0.0
    ]
  ],
  "variation_type": [
    "low",
    "high",
    "low",
    "low",
    "low",
    "low",
    "low",
    "low",
    "low",
    "low",
    "low",
    "low",
    "low"
  ],
  "amp_knots": [
    0.0,
    6.28271484375,
    12.5654296875
  ],
  "amp_values": [
    6.367748270785543,
    1.801337957315342,
    3.4080060943152635
  ],
  "noise_profile": {
    "has_noise": true,
    "noise_type": "gaussian",
    "p_has_noise": 0.5,
    "p_gaussian": 0.5,
    "gaussian_std_relative": 0.15,
    "noise_std": 0.37621894921872734,
    "gaussian_internal_strategy": "high_segments"
  },
  "seed": 1084,
  "signal_id": "signal_084",
  "frequency_profile_type": "non_uniform_high_low",
  "noise_type": "gaussian"
}