{
  "t_start": 0.0,
  "t_end": 12.566370614359172,
  "fs_high": 1024.0,
  "tau_frequency": 1.75,
  "tau_amplitude": "N/A",
  "amplitude_spline_type": "zero_order",
  "base_points": [
    [
      0.0,
      2.7119656819324476
    ],
    [
      4.118352243183841,
      2.7119656819324476
    ],
    [
      4.305017538049393,
      2.7119656819324476
    ],
    [
      6.84879492037268,
      2.7119656819324476
    ],
    [
      7.291165723966642,
      2.7119656819324476
    ],
    [
      8.071215548373434,
      2.7119656819324476
    ],
    [
      8.220991963619989,
      2.7119656819324476
    ],
    [
      9.008161001750135,
      2.7119656819324476
    ],
    [
      11.058003332392989,
      2.7252091830491434
    ],
    [
      12.566370614359172,
      2.7252091830491434
    ]
  ],
  "high_freq_points": [
    [
      0.0,
      0.0
    ],
    [
      4.118352243183841,
      0.0
    ],
    [
      4.305017538049393,
      0.0
    ],
    [
      6.84879492037268,
      0.0
    ],
    [
      7.291165723966642,
      0.0
    ],
    [
      8.071215548373434,
      0.0
    ],
    [
      8.220991963619989,
      0.0
    ],
    [
      9.008161001750135,
      0.0
    ],
    [
      11.058003332392989,
      0.0
    ],
    [
      12.566370614359172,
      0.0
    ]
  ],
  "variation_type": [
    "low",
    "low",
    "low",
    "low",
    "low",
    "low",
    "low",
    "low",
    "low",
    "low"
  ],
  "amp_knots": [
    0.0,
    3.141357421875,
    6.28271484375,
    9.424072265625,
    12.5654296875
  ],
  "amp_values": [
    0.7633204804008711,
    1.6641224548843048,
    1.662720442248163,
    0.7598745436416173,
    0.5549373379801621
  ],
  "noise_profile": {
    "has_noise": false,
    "noise_type": "none",
    "p_has_noise": 0.5,
    "p_gaussian": 0.5,
    "gaussian_std_relative": 0.15
  },
  "seed": 1042,
  "signal_id": "signal_042",
  "frequency_profile_type": "non_uniform_high_low",
  "noise_type": "none"
}