{
  "t_start": 0.0,
  "t_end": 12.566370614359172,
  "fs_high": 1024.0,
  "tau_frequency": 1.9500000000000002,
  "tau_amplitude": "N/A",
  "amplitude_spline_type": "zero_order",
  "base_points": [
    [
      0.0,
      2.84717257856375
    ],
    [
      2.243454082316427,
      4.513052875191825
    ],
    [
      4.580589423436541,
      4.513052875191825
    ],
    [
      9.515317972432285,
      4.513052875191825
    ],
    [
      10.004681915088668,
      4.513052875191825
    ],
    [
      12.566370614359172,
      4.513052875191825
    ]
  ],
  "high_freq_points": [
    [
      0.0,
      0.0
    ],
    [
      2.243454082316427,
      0.0
    ],
    [
      4.580589423436541,
      0.0
    ],
    [
      9.515317972432285,
      0.0
    ],
    [
      10.004681915088668,
      0.0
    ],
    [
      12.566370614359172,
      0.0
    ]
  ],
  "variation_type": [
    "low",
    "low",
    "low",
    "low",
    "low",
    "low"
  ],
  "amp_knots": [
    0.0,
    3.141357421875,
    6.28271484375,
    9.424072265625,
    12.5654296875
  ],
  "amp_values": [
    0.4304370167222525,
    0.41126661621029764,
    0.5641556483188644,
    0.541730936134139,
    0.4944228463687625
  ],
  "noise_profile": {
    "has_noise": false,
    "noise_type": "none",
    "p_has_noise": 0.5,
    "p_gaussian": 0.5,
    "gaussian_std_relative": 0.15
  },
  "seed": 1049,
  "signal_id": "signal_049",
  "frequency_profile_type": "non_uniform_high_low",
  "noise_type": "none"
}