{
  "t_start": 0.0,
  "t_end": 12.566370614359172,
  "fs_high": 1024.0,
  "tau_frequency": 1.0,
  "tau_amplitude": "N/A",
  "amplitude_spline_type": "zero_order",
  "base_points": [
    [
      0.0,
      1.7531409241120492
    ],
    [
      0.1431424969403421,
      4.997323241678425
    ],
    [
      1.9307877952713914,
      2.03435705211186
    ],
    [
      2.342072404676002,
      2.03435705211186
    ],
    [
      2.6728581648121517,
      2.03435705211186
    ],
    [
      3.5138034754428014,
      2.03435705211186
    ],
    [
      4.139562490502419,
      2.03435705211186
    ],
    [
      4.375976902025238,
      2.03435705211186
    ],
    [
      5.280328504832926,
      2.03435705211186
    ],
    [
      6.693999789402134,
      2.03435705211186
    ],
    [
      6.697147095024746,
      2.6405331399558634
    ],
    [
      12.28043192890457,
      4.997323241678425
    ],
    [
      12.566370614359172,
      4.997323241678425
    ]
  ],
  "high_freq_points": [
    [
      0.0,
      0.0
    ],
    [
      0.1431424969403421,
      0.0
    ],
    [
      1.9307877952713914,
      0.0
    ],
    [
      2.342072404676002,
      0.0
    ],
    [
      2.6728581648121517,
      0.0
    ],
    [
      3.5138034754428014,
      0.0
    ],
    [
      4.139562490502419,
      0.0
    ],
    [
      4.375976902025238,
      0.0
    ],
    [
      5.280328504832926,
      0.0
    ],
    [
      6.693999789402134,
      0.0
    ],
    [
      6.697147095024746,
      38.64167114774976
    ],
    [
      8.137599032045852,
      38.64167114774976
    ],
    [
      12.28043192890457,
      0.0
    ],
    [
      12.566370614359172,
      0.0
    ]
  ],
  "variation_type": [
    "low",
    "low",
    "low",
    "low",
    "low",
    "low",
    "low",
    "low",
    "low",
    "low",
    "high",
    "low",
    "low"
  ],
  "amp_knots": [
    0.0,
    6.28271484375,
    12.5654296875
  ],
  "amp_values": [
    3.1653647108184146,
    2.2020215188400725,
    3.1960250969493984
  ],
  "noise_profile": {
    "has_noise": false,
    "noise_type": "none",
    "p_has_noise": 0.5,
    "p_gaussian": 0.5,
    "gaussian_std_relative": 0.15
  },
  "seed": 1095,
  "signal_id": "signal_095",
  "frequency_profile_type": "non_uniform_high_low",
  "noise_type": "none"
}