{
  "t_start": 0.0,
  "t_end": 12.566370614359172,
  "fs_high": 1024.0,
  "tau_frequency": 1.2,
  "tau_amplitude": "N/A",
  "amplitude_spline_type": "zero_order",
  "base_points": [
    [
      0.0,
      4.355014787907868
    ],
    [
      0.7314611596179418,
      4.355014787907868
    ],
    [
      2.3934228069553836,
      4.355014787907868
    ],
    [
      3.1603407858905004,
      1.9019712032155822
    ],
    [
      5.635844143928631,
      1.9019712032155822
    ],
    [
      7.371468085072982,
      1.9019712032155822
    ],
    [
      9.158281361259293,
      1.9019712032155822
    ],
    [
      9.63844751830768,
      1.9019712032155822
    ],
    [
      10.236223118992454,
      1.9019712032155822
    ],
    [
      11.810246021279857,
      1.9019712032155822
    ],
    [
      12.566370614359172,
      4.730213457281639
    ]
  ],
  "high_freq_points": [
    [
      0.0,
      0.0
    ],
    [
      0.7314611596179418,
      0.0
    ],
    [
      2.3934228069553836,
      0.0
    ],
    [
      3.1603407858905004,
      95.79676630013282
    ],
    [
      3.573813593175394,
      95.79676630013282
    ],
    [
      5.635844143928631,
      0.0
    ],
    [
      7.371468085072982,
      0.0
    ],
    [
      9.158281361259293,
      0.0
    ],
    [
      9.63844751830768,
      0.0
    ],
    [
      10.236223118992454,
      0.0
    ],
    [
      11.810246021279857,
      0.0
    ],
    [
      12.566370614359172,
      0.0
    ]
  ],
  "variation_type": [
    "low",
    "low",
    "low",
    "high",
    "low",
    "low",
    "low",
    "low",
    "low",
    "low",
    "low"
  ],
  "amp_knots": [
    0.0,
    3.141357421875,
    6.28271484375,
    9.424072265625,
    12.5654296875
  ],
  "amp_values": [
    0.17277347028930815,
    0.2695320767484432,
    0.24516982582603558,
    0.14502213216674262,
    0.14438333418188162
  ],
  "noise_profile": {
    "has_noise": false,
    "noise_type": "none",
    "p_has_noise": 0.5,
    "p_gaussian": 0.5,
    "gaussian_std_relative": 0.15
  },
  "seed": 1099,
  "signal_id": "signal_099",
  "frequency_profile_type": "non_uniform_high_low",
  "noise_type": "none"
}