{
  "t_start": 0.0,
  "t_end": 12.566370614359172,
  "fs_high": 1024.0,
  "tau_frequency": 1.35,
  "tau_amplitude": "N/A",
  "amplitude_spline_type": "zero_order",
  "base_points": [
    [
      0.0,
      3.1339712543205374
    ],
    [
      1.2979750900078892,
      3.1339712543205374
    ],
    [
      4.713277049874323,
      3.1339712543205374
    ],
    [
      6.008434307742701,
      3.792095300415728
    ],
    [
      8.730523577645636,
      3.792095300415728
    ],
    [
      11.355380455333714,
      3.792095300415728
    ],
    [
      11.771941841934474,
      3.792095300415728
    ],
    [
      12.419373730977739,
      3.792095300415728
    ],
    [
      12.566370614359172,
      3.214837061730389
    ]
  ],
  "high_freq_points": [
    [
      0.0,
      0.0
    ],
    [
      1.2979750900078892,
      0.0
    ],
    [
      4.713277049874323,
      0.0
    ],
    [
      6.008434307742701,
      0.0
    ],
    [
      8.730523577645636,
      0.0
    ],
    [
      11.355380455333714,
      0.0
    ],
    [
      11.771941841934474,
      0.0
    ],
    [
      12.419373730977739,
      0.0
    ],
    [
      12.566370614359172,
      0.0
    ]
  ],
  "variation_type": [
    "low",
    "low",
    "low",
    "low",
    "low",
    "low",
    "low",
    "low",
    "low"
  ],
  "amp_knots": [
    0.0,
    6.28271484375,
    12.5654296875
  ],
  "amp_values": [
    2.4761549010584476,
    2.0070170473454074,
    0.559003677575841
  ],
  "noise_profile": {
    "has_noise": false,
    "noise_type": "none",
    "p_has_noise": 0.5,
    "p_gaussian": 0.5,
    "gaussian_std_relative": 0.15
  },
  "seed": 1036,
  "signal_id": "signal_036",
  "frequency_profile_type": "non_uniform_high_low",
  "noise_type": "none"
}