{
  "t_start": 0.0,
  "t_end": 12.566370614359172,
  "fs_high": 1024.0,
  "tau_frequency": 1.75,
  "tau_amplitude": "N/A",
  "amplitude_spline_type": "zero_order",
  "base_points": [
    [
      0.0,
      2.32381026177309
    ],
    [
      0.31998833975804386,
      2.32381026177309
    ],
    [
      0.7371441140617496,
      4.4119252305109775
    ],
    [
      3.1650319833941,
      4.4119252305109775
    ],
    [
      4.446770392998114,
      4.4119252305109775
    ],
    [
      8.35308252636351,
      4.4119252305109775
    ],
    [
      8.97460947528827,
      4.4119252305109775
    ],
    [
      11.017575744576932,
      2.9976510611095937
    ],
    [
      11.075053137340772,
      4.083076092518914
    ],
    [
      11.296556558025461,
      4.083076092518914
    ],
    [
      11.304630542763958,
      4.083076092518914
    ],
    [
      12.566370614359172,
      4.083076092518914
    ]
  ],
  "high_freq_points": [
    [
      0.0,
      0.0
    ],
    [
      0.31998833975804386,
      0.0
    ],
    [
      0.7371441140617496,
      0.0
    ],
    [
      3.1650319833941,
      0.0
    ],
    [
      4.446770392998114,
      0.0
    ],
    [
      8.35308252636351,
      0.0
    ],
    [
      8.97460947528827,
      0.0
    ],
    [
      11.017575744576932,
      0.0
    ],
    [
      11.075053137340772,
      0.0
    ],
    [
      11.296556558025461,
      0.0
    ],
    [
      11.304630542763958,
      0.0
    ],
    [
      12.566370614359172,
      0.0
    ]
  ],
  "variation_type": [
    "low",
    "low",
    "low",
    "low",
    "low",
    "low",
    "low",
    "low",
    "low",
    "low",
    "low",
    "low"
  ],
  "amp_knots": [
    0.0,
    2.5130859375,
    5.026171875,
    7.539257812500001,
    10.05234375,
    12.5654296875
  ],
  "amp_values": [
    9.06793573385242,
    4.265077285289066,
    4.3590028185109935,
    9.077710322667027,
    5.6634014839340034,
    2.82493320360421
  ],
  "noise_profile": {
    "has_noise": true,
    "noise_type": "structured",
    "p_has_noise": 0.5,
    "p_gaussian": 0.5,
    "gaussian_std_relative": 0.15,
    "structured_segments": 3,
    "segment_details": [
      {
        "start": 0.548522823415707,
        "end": 3.2449688299180948,
        "amplitude": -0.24666450120073624,
        "frequency": 16.92209623302753,
        "type": "sin"
      },
      {
        "start": 5.0743738315576525,
        "end": 6.301011831930516,
        "amplitude": 0.2528836852005357,
        "frequency": -24.322995828827874,
        "type": "sin"
      },
      {
        "start": 9.016937452103358,
        "end": 9.392396413636177,
        "amplitude": -0.20860628368660258,
        "frequency": 140.17473568159312,
        "type": "cos"
      }
    ]
  },
  "seed": 1086,
  "signal_id": "signal_086",
  "frequency_profile_type": "non_uniform_high_low",
  "noise_type": "structured"
}