{
  "t_start": 0.0,
  "t_end": 12.566370614359172,
  "fs_high": 1024.0,
  "tau_frequency": 1.6,
  "tau_amplitude": "N/A",
  "amplitude_spline_type": "zero_order",
  "base_points": [
    [
      0.0,
      4.725217812888825
    ],
    [
      3.712826007063769,
      4.725217812888825
    ],
    [
      6.763313316247366,
      4.725217812888825
    ],
    [
      9.682120860813113,
      4.725217812888825
    ],
    [
      11.116688708344956,
      4.725217812888825
    ],
    [
      12.566370614359172,
      4.725217812888825
    ]
  ],
  "high_freq_points": [
    [
      0.0,
      0.0
    ],
    [
      3.712826007063769,
      0.0
    ],
    [
      6.763313316247366,
      0.0
    ],
    [
      9.682120860813113,
      0.0
    ],
    [
      11.116688708344956,
      0.0
    ],
    [
      12.566370614359172,
      0.0
    ]
  ],
  "variation_type": [
    "low",
    "low",
    "low",
    "low",
    "low",
    "low"
  ],
  "amp_knots": [
    0.0,
    6.28271484375,
    12.5654296875
  ],
  "amp_values": [
    1.55105532559612,
    2.7218331129675257,
    2.9005591776466044
  ],
  "noise_profile": {
    "has_noise": false,
    "noise_type": "none",
    "p_has_noise": 0.5,
    "p_gaussian": 0.5,
    "gaussian_std_relative": 0.15
  },
  "seed": 1028,
  "signal_id": "signal_028",
  "frequency_profile_type": "non_uniform_high_low",
  "noise_type": "none"
}