{
  "t_start": 0.0,
  "t_end": 12.566370614359172,
  "fs_high": 1024.0,
  "tau_frequency": 1.55,
  "tau_amplitude": 15.0,
  "amplitude_spline_type": "tension",
  "base_points": [
    [
      0.0,
      4.439510038431851
    ],
    [
      5.656101623561406,
      4.439510038431851
    ],
    [
      8.21689267724856,
      4.439510038431851
    ],
    [
      12.566370614359172,
      4.334705179160528
    ]
  ],
  "high_freq_points": [
    [
      0.0,
      0.0
    ],
    [
      5.656101623561406,
      0.0
    ],
    [
      8.21689267724856,
      0.0
    ],
    [
      12.566370614359172,
      0.0
    ]
  ],
  "variation_type": [
    "low",
    "low",
    "low",
    "low"
  ],
  "amp_knots": [
    0.0,
    2.5130859375,
    5.026171875,
    7.539257812500001,
    10.05234375,
    12.5654296875
  ],
  "amp_values": [
    1.3675600605852236,
    2.8560471371283813,
    2.218584657051784,
    2.1949690729922424,
    2.872625917546509,
    1.3390044495450857
  ],
  "noise_profile": {
    "has_noise": false,
    "noise_type": "none",
    "p_has_noise": 0.5,
    "p_gaussian": 0.5,
    "gaussian_std_relative": 0.15
  },
  "seed": 1024,
  "signal_id": "signal_024",
  "frequency_profile_type": "non_uniform_high_low",
  "noise_type": "none"
}