{
  "t_start": 0.0,
  "t_end": 12.566370614359172,
  "fs_high": 1024.0,
  "tau_frequency": 1.9500000000000002,
  "tau_amplitude": 3.0,
  "amplitude_spline_type": "tension",
  "base_points": [
    [
      0.0,
      3.6742123617548907
    ],
    [
      0.5784186354681516,
      1.5211106628055249
    ],
    [
      2.195060936635087,
      1.5211106628055249
    ],
    [
      2.520953692210775,
      2.53176210125645
    ],
    [
      3.0208970182115578,
      2.53176210125645
    ],
    [
      5.206911461118742,
      2.53176210125645
    ],
    [
      7.07291205021305,
      2.53176210125645
    ],
    [
      7.94177388905073,
      2.1367350034532375
    ],
    [
      11.801970177587622,
      2.1367350034532375
    ],
    [
      11.92771157692737,
      2.1367350034532375
    ],
    [
      12.566370614359172,
      1.5211106628055249
    ]
  ],
  "high_freq_points": [
    [
      0.0,
      0.0
    ],
    [
      0.5784186354681516,
      28.42819622870831
    ],
    [
      1.7563903216872476,
      28.42819622870831
    ],
    [
      2.195060936635087,
      0.0
    ],
    [
      2.520953692210775,
      0.0
    ],
    [
      3.0208970182115578,
      0.0
    ],
    [
      5.206911461118742,
      0.0
    ],
    [
      7.07291205021305,
      0.0
    ],
    [
      7.94177388905073,
      0.0
    ],
    [
      11.801970177587622,
      0.0
    ],
    [
      11.92771157692737,
      0.0
    ],
    [
      12.566370614359172,
      0.0
    ]
  ],
  "variation_type": [
    "low",
    "high",
    "high",
    "low",
    "low",
    "low",
    "low",
    "low",
    "low",
    "low",
    "high"
  ],
  "amp_knots": [
    0.0,
    3.141357421875,
    6.28271484375,
    9.424072265625,
    12.5654296875
  ],
  "amp_values": [
    1.1347439162297495,
    4.851645347455163,
    8.527658477472917,
    8.142760883100589,
    3.880242593237387
  ],
  "noise_profile": {
    "has_noise": false,
    "noise_type": "none",
    "p_has_noise": 0.5,
    "p_gaussian": 0.5,
    "gaussian_std_relative": 0.15
  },
  "seed": 1065,
  "signal_id": "signal_065",
  "frequency_profile_type": "non_uniform_high_low",
  "noise_type": "none"
}