{
  "t_start": 0.0,
  "t_end": 12.566370614359172,
  "fs_high": 1024.0,
  "tau_frequency": 1.85,
  "tau_amplitude": "N/A",
  "amplitude_spline_type": "zero_order",
  "base_points": [
    [
      0.0,
      4.330473455145505
    ],
    [
      2.9823624395043464,
      4.330473455145505
    ],
    [
      6.155570684215526,
      4.48760167593602
    ],
    [
      9.578469120601756,
      4.460399369310961
    ],
    [
      12.566370614359172,
      2.894949723366012
    ]
  ],
  "high_freq_points": [
    [
      0.0,
      0.0
    ],
    [
      2.9823624395043464,
      0.0
    ],
    [
      6.155570684215526,
      58.04753749194924
    ],
    [
      7.9167475024457685,
      58.04753749194924
    ],
    [
      9.578469120601756,
      0.0
    ],
    [
      12.566370614359172,
      0.0
    ]
  ],
  "variation_type": [
    "low",
    "low",
    "high",
    "low",
    "high"
  ],
  "amp_knots": [
    0.0,
    3.141357421875,
    6.28271484375,
    9.424072265625,
    12.5654296875
  ],
  "amp_values": [
    4.103455381044972,
    2.3839071865323684,
    3.1023519832440334,
    2.936140983687643,
    4.271132719345614
  ],
  "noise_profile": {
    "has_noise": false,
    "noise_type": "none",
    "p_has_noise": 0.5,
    "p_gaussian": 0.5,
    "gaussian_std_relative": 0.15
  },
  "seed": 1020,
  "signal_id": "signal_020",
  "frequency_profile_type": "non_uniform_high_low",
  "noise_type": "none"
}