{
  "t_start": 0.0,
  "t_end": 12.566370614359172,
  "fs_high": 1024.0,
  "tau_frequency": 1.9,
  "tau_amplitude": "N/A",
  "amplitude_spline_type": "zero_order",
  "base_points": [
    [
      0.0,
      1.307484268582805
    ],
    [
      1.259770262741378,
      1.7511792909704051
    ],
    [
      3.0497632624911177,
      1.7511792909704051
    ],
    [
      3.399736893421018,
      1.7511792909704051
    ],
    [
      3.770941498325849,
      1.7511792909704051
    ],
    [
      6.256076770630364,
      3.052177671256956
    ],
    [
      6.415138443001936,
      3.052177671256956
    ],
    [
      7.73701092006732,
      3.052177671256956
    ],
    [
      8.865414898781955,
      3.052177671256956
    ],
    [
      9.0355052678356,
      1.7511792909704051
    ],
    [
      12.134052131843358,
      1.7511792909704051
    ],
    [
      12.566370614359172,
      2.583331303691601
    ]
  ],
  "high_freq_points": [
    [
      0.0,
      0.0
    ],
    [
      1.259770262741378,
      0.0
    ],
    [
      3.0497632624911177,
      0.0
    ],
    [
      3.399736893421018,
      0.0
    ],
    [
      3.770941498325849,
      0.0
    ],
    [
      6.256076770630364,
      0.0
    ],
    [
      6.415138443001936,
      0.0
    ],
    [
      7.73701092006732,
      0.0
    ],
    [
      8.865414898781955,
      0.0
    ],
    [
      9.0355052678356,
      0.0
    ],
    [
      12.134052131843358,
      0.0
    ],
    [
      12.566370614359172,
      0.0
    ]
  ],
  "variation_type": [
    "low",
    "low",
    "low",
    "low",
    "low",
    "low",
    "low",
    "low",
    "low",
    "low",
    "low",
    "low"
  ],
  "amp_knots": [
    0.0,
    2.5130859375,
    5.026171875,
    7.539257812500001,
    10.05234375,
    12.5654296875
  ],
  "amp_values": [
    0.6419806473656259,
    0.867499107187878,
    0.87671574443194,
    0.6673324870682097,
    0.7551054439427358,
    0.5806310810273413
  ],
  "noise_profile": {
    "has_noise": true,
    "noise_type": "structured",
    "p_has_noise": 0.5,
    "p_gaussian": 0.5,
    "gaussian_std_relative": 0.15,
    "structured_segments": 3,
    "segment_details": [
      {
        "start": 6.785769837324683,
        "end": 7.327770909930465,
        "amplitude": 0.038528169665390605,
        "frequency": -27.834650085310308,
        "type": "cos"
      },
      {
        "start": 0.9714849697494269,
        "end": 4.363537345336644,
        "amplitude": 0.050028811968251034,
        "frequency": -47.52524992251397,
        "type": "sin"
      },
      {
        "start": 3.9343540932491092,
        "end": 6.5321094511874005,
        "amplitude": -0.06938976448968112,
        "frequency": -79.70190380175401,
        "type": "sin"
      }
    ]
  },
  "seed": 1018,
  "signal_id": "signal_018",
  "frequency_profile_type": "non_uniform_high_low",
  "noise_type": "structured"
}