{
  "t_start": 0.0,
  "t_end": 12.566370614359172,
  "fs_high": 1024.0,
  "tau_frequency": 1.55,
  "tau_amplitude": "N/A",
  "amplitude_spline_type": "zero_order",
  "base_points": [
    [
      0.0,
      4.924051702383575
    ],
    [
      1.8202359542497546,
      4.924051702383575
    ],
    [
      2.7254173706636218,
      2.145066412926075
    ],
    [
      2.755178029484157,
      2.145066412926075
    ],
    [
      2.934599107366037,
      2.145066412926075
    ],
    [
      4.094551394043897,
      2.145066412926075
    ],
    [
      4.1365750329691195,
      2.145066412926075
    ],
    [
      4.463365104240436,
      2.145066412926075
    ],
    [
      5.357048111921356,
      2.145066412926075
    ],
    [
      9.041461032243072,
      2.145066412926075
    ],
    [
      10.803549901315204,
      4.924051702383575
    ],
    [
      12.566370614359172,
      4.924051702383575
    ]
  ],
  "high_freq_points": [
    [
      0.0,
      0.0
    ],
    [
      1.8202359542497546,
      0.0
    ],
    [
      2.7254173706636218,
      0.0
    ],
    [
      2.755178029484157,
      0.0
    ],
    [
      2.934599107366037,
      0.0
    ],
    [
      4.094551394043897,
      0.0
    ],
    [
      4.1365750329691195,
      0.0
    ],
    [
      4.463365104240436,
      0.0
    ],
    [
      5.357048111921356,
      0.0
    ],
    [
      9.041461032243072,
      0.0
    ],
    [
      10.803549901315204,
      0.0
    ],
    [
      12.566370614359172,
      0.0
    ]
  ],
  "variation_type": [
    "low",
    "low",
    "low",
    "low",
    "low",
    "low",
    "low",
    "low",
    "low",
    "low",
    "low",
    "low"
  ],
  "amp_knots": [
    0.0,
    6.28271484375,
    12.5654296875
  ],
  "amp_values": [
    7.380656189415717,
    5.6226658893941375,
    4.7428009695325395
  ],
  "noise_profile": {
    "has_noise": false,
    "noise_type": "none",
    "p_has_noise": 0.5,
    "p_gaussian": 0.5,
    "gaussian_std_relative": 0.15
  },
  "seed": 1029,
  "signal_id": "signal_029",
  "frequency_profile_type": "non_uniform_high_low",
  "noise_type": "none"
}