{
  "t_start": 0.0,
  "t_end": 12.566370614359172,
  "fs_high": 1024.0,
  "tau_frequency": 1.55,
  "tau_amplitude": 3.0,
  "amplitude_spline_type": "tension",
  "base_points": [
    [
      0.0,
      1.548801847626669
    ],
    [
      0.5345690014948492,
      1.548801847626669
    ],
    [
      6.18197589500072,
      1.548801847626669
    ],
    [
      9.823374020317441,
      1.548801847626669
    ],
    [
      12.566370614359172,
      1.548801847626669
    ]
  ],
  "high_freq_points": [
    [
      0.0,
      0.0
    ],
    [
      0.5345690014948492,
      0.0
    ],
    [
      6.18197589500072,
      0.0
    ],
    [
      9.823374020317441,
      0.0
    ],
    [
      12.566370614359172,
      0.0
    ]
  ],
  "variation_type": [
    "low",
    "low",
    "low",
    "low",
    "low"
  ],
  "amp_knots": [
    0.0,
    2.5130859375,
    5.026171875,
    7.539257812500001,
    10.05234375,
    12.5654296875
  ],
  "amp_values": [
    4.324355225198432,
    4.152592514018878,
    3.578842182932871,
    2.658645566476649,
    1.4810813899155268,
    2.9472249720174966
  ],
  "noise_profile": {
    "has_noise": false,
    "noise_type": "none",
    "p_has_noise": 0.5,
    "p_gaussian": 0.5,
    "gaussian_std_relative": 0.15
  },
  "seed": 1074,
  "signal_id": "signal_074",
  "frequency_profile_type": "non_uniform_high_low",
  "noise_type": "none"
}