{
  "t_start": 0.0,
  "t_end": 12.566370614359172,
  "fs_high": 1024.0,
  "tau_frequency": 1.75,
  "tau_amplitude": "N/A",
  "amplitude_spline_type": "zero_order",
  "base_points": [
    [
      0.0,
      1.6198969634271942
    ],
    [
      3.483615055256507,
      1.6198969634271942
    ],
    [
      4.391990940900577,
      1.1082972662434938
    ],
    [
      7.9642914343214395,
      1.281014354844629
    ],
    [
      9.141041071513946,
      1.281014354844629
    ],
    [
      9.731408917442634,
      1.281014354844629
    ],
    [
      9.863547193502452,
      1.281014354844629
    ],
    [
      10.790380059792124,
      1.281014354844629
    ],
    [
      12.566370614359172,
      1.281014354844629
    ]
  ],
  "high_freq_points": [
    [
      0.0,
      0.0
    ],
    [
      3.483615055256507,
      0.0
    ],
    [
      4.391990940900577,
      0.0
    ],
    [
      7.9642914343214395,
      0.0
    ],
    [
      9.141041071513946,
      0.0
    ],
    [
      9.731408917442634,
      0.0
    ],
    [
      9.863547193502452,
      0.0
    ],
    [
      10.790380059792124,
      0.0
    ],
    [
      12.566370614359172,
      0.0
    ]
  ],
  "variation_type": [
    "low",
    "low",
    "low",
    "low",
    "low",
    "low",
    "low",
    "low",
    "low"
  ],
  "amp_knots": [
    0.0,
    2.5130859375,
    5.026171875,
    7.539257812500001,
    10.05234375,
    12.5654296875
  ],
  "amp_values": [
    2.670160042687471,
    1.9714353883592797,
    1.107922589019701,
    2.803976165461903,
    0.8170095715693896,
    1.71752789498158
  ],
  "noise_profile": {
    "has_noise": true,
    "noise_type": "structured",
    "p_has_noise": 0.5,
    "p_gaussian": 0.5,
    "gaussian_std_relative": 0.15,
    "structured_segments": 2,
    "segment_details": [
      {
        "start": 7.364955329048354,
        "end": 8.343600525874546,
        "amplitude": -0.17789128297663243,
        "frequency": 116.96116745439652,
        "type": "cos"
      },
      {
        "start": 3.1038454447688655,
        "end": 4.540020072022333,
        "amplitude": 0.3780102544108295,
        "frequency": 32.94382156845794,
        "type": "cos"
      }
    ]
  },
  "seed": 1012,
  "signal_id": "signal_012",
  "frequency_profile_type": "non_uniform_high_low",
  "noise_type": "structured"
}