{
  "t_start": 0.0,
  "t_end": 12.566370614359172,
  "fs_high": 1024.0,
  "tau_frequency": 1.7000000000000002,
  "tau_amplitude": "N/A",
  "amplitude_spline_type": "zero_order",
  "base_points": [
    [
      0.0,
      2.16564108673779
    ],
    [
      1.3135158480505809,
      1.7077767248925806
    ],
    [
      1.3930054981224975,
      1.7077767248925806
    ],
    [
      2.6256086899191637,
      1.7077767248925806
    ],
    [
      3.343709849708689,
      2.7051947835838686
    ],
    [
      3.4820052179525827,
      4.479288670340989
    ],
    [
      4.633390188784159,
      4.479288670340989
    ],
    [
      6.269764526569739,
      4.479288670340989
    ],
    [
      6.550691421218442,
      4.479288670340989
    ],
    [
      9.313867405354445,
      4.479288670340989
    ],
    [
      11.08617787669696,
      1.5149046088493132
    ],
    [
      11.902259120801338,
      1.5149046088493132
    ],
    [
      12.566370614359172,
      2.5134954761877135
    ]
  ],
  "high_freq_points": [
    [
      0.0,
      0.0
    ],
    [
      1.3135158480505809,
      0.0
    ],
    [
      1.3930054981224975,
      0.0
    ],
    [
      2.6256086899191637,
      0.0
    ],
    [
      3.343709849708689,
      0.0
    ],
    [
      3.4820052179525827,
      22.160019364899046
    ],
    [
      4.137628884836122,
      22.160019364899046
    ],
    [
      4.633390188784159,
      0.0
    ],
    [
      6.269764526569739,
      0.0
    ],
    [
      6.550691421218442,
      0.0
    ],
    [
      9.313867405354445,
      0.0
    ],
    [
      11.08617787669696,
      0.0
    ],
    [
      11.902259120801338,
      0.0
    ],
    [
      12.566370614359172,
      0.0
    ]
  ],
  "variation_type": [
    "low",
    "low",
    "low",
    "low",
    "low",
    "high",
    "low",
    "low",
    "low",
    "low",
    "low",
    "low",
    "high"
  ],
  "amp_knots": [
    0.0,
    2.5130859375,
    5.026171875,
    7.539257812500001,
    10.05234375,
    12.5654296875
  ],
  "amp_values": [
    0.25008797365274615,
    0.20186149095901648,
    0.22413169387204987,
    0.15524031765973192,
    0.2358733327376302,
    0.18062422590905708
  ],
  "noise_profile": {
    "has_noise": true,
    "noise_type": "structured",
    "p_has_noise": 0.5,
    "p_gaussian": 0.5,
    "gaussian_std_relative": 0.15,
    "structured_segments": 1,
    "segment_details": [
      {
        "start": 8.52345210545155,
        "end": 11.272212695457563,
        "amplitude": -0.019154369551592186,
        "frequency": -130.40779881450564,
        "type": "cos"
      }
    ]
  },
  "seed": 1010,
  "signal_id": "signal_010",
  "frequency_profile_type": "non_uniform_high_low",
  "noise_type": "structured"
}