{
  "t_start": 0.0,
  "t_end": 12.566370614359172,
  "fs_high": 1024.0,
  "tau_frequency": 1.6,
  "tau_amplitude": 3.0,
  "amplitude_spline_type": "tension",
  "base_points": [
    [
      0.0,
      3.206621858261479
    ],
    [
      1.5500236958895455,
      3.206621858261479
    ],
    [
      2.017068602863189,
      3.206621858261479
    ],
    [
      2.58814388309429,
      3.206621858261479
    ],
    [
      3.404528642459579,
      3.206621858261479
    ],
    [
      3.5907942123674172,
      3.611312096320436
    ],
    [
      6.104855305902248,
      3.611312096320436
    ],
    [
      7.621355143009817,
      3.611312096320436
    ],
    [
      8.734724731496287,
      3.611312096320436
    ],
    [
      9.916927004161622,
      3.611312096320436
    ],
    [
      11.499136810173185,
      4.445300700338982
    ],
    [
      12.566370614359172,
      4.445300700338982
    ]
  ],
  "high_freq_points": [
    [
      0.0,
      0.0
    ],
    [
      1.5500236958895455,
      0.0
    ],
    [
      2.017068602863189,
      0.0
    ],
    [
      2.58814388309429,
      0.0
    ],
    [
      3.404528642459579,
      0.0
    ],
    [
      3.5907942123674172,
      0.0
    ],
    [
      6.104855305902248,
      0.0
    ],
    [
      7.621355143009817,
      0.0
    ],
    [
      8.734724731496287,
      0.0
    ],
    [
      9.916927004161622,
      0.0
    ],
    [
      11.499136810173185,
      0.0
    ],
    [
      12.566370614359172,
      0.0
    ]
  ],
  "variation_type": [
    "low",
    "low",
    "low",
    "low",
    "low",
    "low",
    "low",
    "low",
    "low",
    "low",
    "low",
    "low"
  ],
  "amp_knots": [
    0.0,
    2.5130859375,
    5.026171875,
    7.539257812500001,
    10.05234375,
    12.5654296875
  ],
  "amp_values": [
    0.8777060106646738,
    1.136568540271538,
    1.3053485014429458,
    1.37066866978456,
    1.327351875309392,
    1.1788313364855358
  ],
  "noise_profile": {
    "has_noise": false,
    "noise_type": "none",
    "p_has_noise": 0.5,
    "p_gaussian": 0.5,
    "gaussian_std_relative": 0.15
  },
  "seed": 1014,
  "signal_id": "signal_014",
  "frequency_profile_type": "non_uniform_high_low",
  "noise_type": "none"
}