{
  "t_start": 0.0,
  "t_end": 12.566370614359172,
  "fs_high": 1024.0,
  "tau_frequency": 1.35,
  "tau_amplitude": "N/A",
  "amplitude_spline_type": "zero_order",
  "base_points": [
    [
      0.0,
      3.423341658717154
    ],
    [
      1.1497228776334345,
      3.423341658717154
    ],
    [
      1.477164584483175,
      3.423341658717154
    ],
    [
      1.8470082073534313,
      3.423341658717154
    ],
    [
      1.9417368996900954,
      3.423341658717154
    ],
    [
      2.560071350160104,
      3.423341658717154
    ],
    [
      3.791109277076623,
      2.3947916850981525
    ],
    [
      6.693550163332313,
      3.4414224929032327
    ],
    [
      7.744198811750101,
      3.4414224929032327
    ],
    [
      7.794605276848881,
      3.4414224929032327
    ],
    [
      12.206708026378198,
      2.636420188489172
    ],
    [
      12.243633053024432,
      3.690823175107468
    ],
    [
      12.566370614359172,
      3.690823175107468
    ]
  ],
  "high_freq_points": [
    [
      0.0,
      0.0
    ],
    [
      1.1497228776334345,
      0.0
    ],
    [
      1.477164584483175,
      0.0
    ],
    [
      1.8470082073534313,
      0.0
    ],
    [
      1.9417368996900954,
      0.0
    ],
    [
      2.560071350160104,
      0.0
    ],
    [
      3.791109277076623,
      21.942138495097332
    ],
    [
      4.436312838522084,
      21.942138495097332
    ],
    [
      6.693550163332313,
      0.0
    ],
    [
      7.744198811750101,
      0.0
    ],
    [
      7.794605276848881,
      0.0
    ],
    [
      12.206708026378198,
      99.52946280048182
    ],
    [
      12.234778784096413,
      99.52946280048182
    ],
    [
      12.243633053024432,
      0.0
    ],
    [
      12.566370614359172,
      0.0
    ]
  ],
  "variation_type": [
    "low",
    "low",
    "low",
    "low",
    "low",
    "low",
    "high",
    "low",
    "low",
    "low",
    "high",
    "low",
    "low"
  ],
  "amp_knots": [
    0.0,
    2.5130859375,
    5.026171875,
    7.539257812500001,
    10.05234375,
    12.5654296875
  ],
  "amp_values": [
    3.0828149011230686,
    1.0006155110688537,
    2.782636406327592,
    1.8353893065722413,
    2.2320309106941583,
    2.504984842217546
  ],
  "noise_profile": {
    "has_noise": true,
    "noise_type": "gaussian",
    "p_has_noise": 0.5,
    "p_gaussian": 0.5,
    "gaussian_std_relative": 0.15,
    "noise_std": 0.24590268193324788,
    "gaussian_internal_strategy": "central_window"
  },
  "seed": 1008,
  "signal_id": "signal_008",
  "frequency_profile_type": "non_uniform_high_low",
  "noise_type": "gaussian"
}