{
  "t_start": 0.0,
  "t_end": 12.566370614359172,
  "fs_high": 1024.0,
  "tau_frequency": 1.05,
  "tau_amplitude": 3.0,
  "amplitude_spline_type": "tension",
  "base_points": [
    [
      0.0,
      4.147831037168739
    ],
    [
      0.2888361955848775,
      4.147831037168739
    ],
    [
      0.780946854842245,
      4.147831037168739
    ],
    [
      4.469569627169288,
      3.289892957655397
    ],
    [
      6.236902818868222,
      3.289892957655397
    ],
    [
      9.44819740979807,
      3.289892957655397
    ],
    [
      9.495863303423393,
      3.289892957655397
    ],
    [
      10.209162233636453,
      3.289892957655397
    ],
    [
      11.054149016317526,
      3.289892957655397
    ],
    [
      12.566370614359172,
      3.674181344973369
    ]
  ],
  "high_freq_points": [
    [
      0.0,
      0.0
    ],
    [
      0.2888361955848775,
      0.0
    ],
    [
      0.780946854842245,
      0.0
    ],
    [
      4.469569627169288,
      0.0
    ],
    [
      6.236902818868222,
      0.0
    ],
    [
      9.44819740979807,
      0.0
    ],
    [
      9.495863303423393,
      0.0
    ],
    [
      10.209162233636453,
      0.0
    ],
    [
      11.054149016317526,
      0.0
    ],
    [
      12.566370614359172,
      0.0
    ]
  ],
  "variation_type": [
    "low",
    "low",
    "low",
    "low",
    "low",
    "low",
    "low",
    "low",
    "low",
    "low"
  ],
  "amp_knots": [
    0.0,
    4.1884765625,
    8.376953125,
    12.5654296875
  ],
  "amp_values": [
    6.959375895348586,
    11.65228057939084,
    11.9170114259869,
    7.652963733690205
  ],
  "noise_profile": {
    "has_noise": false,
    "noise_type": "none",
    "p_has_noise": 0.5,
    "p_gaussian": 0.5,
    "gaussian_std_relative": 0.15
  },
  "seed": 1060,
  "signal_id": "signal_060",
  "frequency_profile_type": "non_uniform_high_low",
  "noise_type": "none"
}