{
  "t_start": 0.0,
  "t_end": 12.566370614359172,
  "fs_high": 1024.0,
  "tau_frequency": 1.2,
  "tau_amplitude": "N/A",
  "amplitude_spline_type": "zero_order",
  "base_points": [
    [
      0.0,
      1.6946142292149848
    ],
    [
      0.580586211833411,
      3.7654222344072403
    ],
    [
      1.6650707742369206,
      2.7507121395412972
    ],
    [
      7.2869640468076184,
      2.7507121395412972
    ],
    [
      7.718943958240004,
      2.7507121395412972
    ],
    [
      8.36395596708459,
      2.7507121395412972
    ],
    [
      9.171883007747535,
      2.226146560329904
    ],
    [
      9.489481226971895,
      1.6946142292149848
    ],
    [
      11.346340712864253,
      1.6946142292149848
    ],
    [
      11.753050710405043,
      3.2948286299319847
    ],
    [
      12.566370614359172,
      3.2948286299319847
    ]
  ],
  "high_freq_points": [
    [
      0.0,
      0.0
    ],
    [
      0.580586211833411,
      0.0
    ],
    [
      1.6650707742369206,
      0.0
    ],
    [
      7.2869640468076184,
      0.0
    ],
    [
      7.718943958240004,
      0.0
    ],
    [
      8.36395596708459,
      0.0
    ],
    [
      9.171883007747535,
      0.0
    ],
    [
      9.489481226971895,
      0.0
    ],
    [
      11.346340712864253,
      0.0
    ],
    [
      11.753050710405043,
      0.0
    ],
    [
      12.566370614359172,
      0.0
    ]
  ],
  "variation_type": [
    "low",
    "low",
    "low",
    "low",
    "low",
    "low",
    "low",
    "low",
    "low",
    "low",
    "low"
  ],
  "amp_knots": [
    0.0,
    2.5130859375,
    5.026171875,
    7.539257812500001,
    10.05234375,
    12.5654296875
  ],
  "amp_values": [
    1.0075042112957981,
    1.5022973012721244,
    1.6781192080102516,
    1.4976390239834427,
    0.9991767127577158,
    0.8433550687056635
  ],
  "noise_profile": {
    "has_noise": true,
    "noise_type": "structured",
    "p_has_noise": 0.5,
    "p_gaussian": 0.5,
    "gaussian_std_relative": 0.15,
    "structured_segments": 3,
    "segment_details": [
      {
        "start": 7.639692093316873,
        "end": 9.001279958418968,
        "amplitude": -0.14563470743796816,
        "frequency": -168.90102385083185,
        "type": "sin"
      },
      {
        "start": 3.8296154190316525,
        "end": 5.03078696314666,
        "amplitude": 0.12430865499289695,
        "frequency": 89.36066085040515,
        "type": "sin"
      },
      {
        "start": 8.114262295643758,
        "end": 11.656116401627596,
        "amplitude": 0.0559286460359295,
        "frequency": -138.62371412895305,
        "type": "sin"
      }
    ]
  },
  "seed": 1035,
  "signal_id": "signal_035",
  "frequency_profile_type": "non_uniform_high_low",
  "noise_type": "structured"
}