{
  "t_start": 0.0,
  "t_end": 12.566370614359172,
  "fs_high": 1024.0,
  "tau_frequency": 1.9,
  "tau_amplitude": "N/A",
  "amplitude_spline_type": "zero_order",
  "base_points": [
    [
      0.0,
      3.9293926390886655
    ],
    [
      3.1614772847359225,
      1.8168002278223674
    ],
    [
      3.555547401965377,
      2.671660037307062
    ],
    [
      4.623596131377536,
      2.671660037307062
    ],
    [
      5.9951902637033205,
      2.671660037307062
    ],
    [
      7.382186154153357,
      2.671660037307062
    ],
    [
      7.662335313396927,
      2.671660037307062
    ],
    [
      9.189465946027907,
      2.671660037307062
    ],
    [
      12.13713870693278,
      3.8756591277047163
    ],
    [
      12.566370614359172,
      3.8756591277047163
    ]
  ],
  "high_freq_points": [
    [
      0.0,
      0.0
    ],
    [
      3.1614772847359225,
      72.13032199565748
    ],
    [
      3.3913233189783694,
      72.13032199565748
    ],
    [
      3.555547401965377,
      0.0
    ],
    [
      4.623596131377536,
      0.0
    ],
    [
      5.9951902637033205,
      0.0
    ],
    [
      7.382186154153357,
      0.0
    ],
    [
      7.662335313396927,
      0.0
    ],
    [
      9.189465946027907,
      0.0
    ],
    [
      12.13713870693278,
      0.0
    ],
    [
      12.566370614359172,
      0.0
    ]
  ],
  "variation_type": [
    "low",
    "high",
    "low",
    "low",
    "low",
    "low",
    "low",
    "low",
    "low",
    "low"
  ],
  "amp_knots": [
    0.0,
    3.141357421875,
    6.28271484375,
    9.424072265625,
    12.5654296875
  ],
  "amp_values": [
    0.7181762615187016,
    0.6796809254867734,
    1.866802600555761,
    2.475120918107045,
    2.316026389095891
  ],
  "noise_profile": {
    "has_noise": false,
    "noise_type": "none",
    "p_has_noise": 0.5,
    "p_gaussian": 0.5,
    "gaussian_std_relative": 0.15
  },
  "seed": 1022,
  "signal_id": "signal_022",
  "frequency_profile_type": "non_uniform_high_low",
  "noise_type": "none"
}