{
  "t_start": 0.0,
  "t_end": 12.566370614359172,
  "fs_high": 1024.0,
  "tau_frequency": 1.1,
  "tau_amplitude": "N/A",
  "amplitude_spline_type": "zero_order",
  "base_points": [
    [
      0.0,
      4.2991486198508735
    ],
    [
      1.1427671164022712,
      4.2991486198508735
    ],
    [
      1.7393844721513436,
      4.475313206022365
    ],
    [
      2.8939993160555484,
      4.475313206022365
    ],
    [
      3.51010839402252,
      4.475313206022365
    ],
    [
      4.020155998969625,
      4.475313206022365
    ],
    [
      5.659867343091801,
      2.9727922201112142
    ],
    [
      9.170989077584009,
      2.9727922201112142
    ],
    [
      12.566370614359172,
      2.9727922201112142
    ]
  ],
  "high_freq_points": [
    [
      0.0,
      0.0
    ],
    [
      1.1427671164022712,
      0.0
    ],
    [
      1.7393844721513436,
      0.0
    ],
    [
      2.8939993160555484,
      0.0
    ],
    [
      3.51010839402252,
      0.0
    ],
    [
      4.020155998969625,
      0.0
    ],
    [
      5.659867343091801,
      0.0
    ],
    [
      9.170989077584009,
      0.0
    ],
    [
      12.566370614359172,
      0.0
    ]
  ],
  "variation_type": [
    "low",
    "low",
    "low",
    "low",
    "low",
    "low",
    "low",
    "low",
    "low"
  ],
  "amp_knots": [
    0.0,
    4.1884765625,
    8.376953125,
    12.5654296875
  ],
  "amp_values": [
    12.82518398107961,
    6.77185871000838,
    4.076382940813843,
    12.038280358824727
  ],
  "noise_profile": {
    "has_noise": true,
    "noise_type": "structured",
    "p_has_noise": 0.5,
    "p_gaussian": 0.5,
    "gaussian_std_relative": 0.15,
    "structured_segments": 3,
    "segment_details": [
      {
        "start": 7.3944518665586045,
        "end": 9.74358931824038,
        "amplitude": -0.22187445354101973,
        "frequency": -73.48209537666725,
        "type": "cos"
      },
      {
        "start": 7.940921706738072,
        "end": 9.693991839950913,
        "amplitude": -1.422320434980001,
        "frequency": 82.76731742824938,
        "type": "cos"
      },
      {
        "start": 7.021760044431201,
        "end": 8.922132611416826,
        "amplitude": -0.7150118690379847,
        "frequency": 56.414605094983145,
        "type": "cos"
      }
    ]
  },
  "seed": 1079,
  "signal_id": "signal_079",
  "frequency_profile_type": "non_uniform_high_low",
  "noise_type": "structured"
}