{
  "t_start": 0.0,
  "t_end": 12.566370614359172,
  "fs_high": 1024.0,
  "tau_frequency": 1.9,
  "tau_amplitude": "N/A",
  "amplitude_spline_type": "zero_order",
  "base_points": [
    [
      0.0,
      4.615904981505491
    ],
    [
      2.710791143988514,
      4.615904981505491
    ],
    [
      6.330838831568908,
      4.63857892713885
    ],
    [
      12.566370614359172,
      3.8918419478294255
    ]
  ],
  "high_freq_points": [
    [
      0.0,
      0.0
    ],
    [
      2.710791143988514,
      0.0
    ],
    [
      6.330838831568908,
      64.64075247869951
    ],
    [
      6.895345937177164,
      64.64075247869951
    ],
    [
      12.566370614359172,
      0.0
    ]
  ],
  "variation_type": [
    "low",
    "low",
    "high",
    "low"
  ],
  "amp_knots": [
    0.0,
    4.1884765625,
    8.376953125,
    12.5654296875
  ],
  "amp_values": [
    4.210172957196926,
    6.003925665364937,
    4.743926589628132,
    8.090574814128418
  ],
  "noise_profile": {
    "has_noise": true,
    "noise_type": "structured",
    "p_has_noise": 0.5,
    "p_gaussian": 0.5,
    "gaussian_std_relative": 0.15,
    "structured_segments": 3,
    "segment_details": [
      {
        "start": 7.449703770322732,
        "end": 9.235165178203216,
        "amplitude": 0.2928512290489609,
        "frequency": -86.53488594697465,
        "type": "cos"
      },
      {
        "start": 3.916075105720383,
        "end": 5.905298048864347,
        "amplitude": -0.5670477037734939,
        "frequency": 152.86414392882145,
        "type": "cos"
      },
      {
        "start": 0.6894361785154494,
        "end": 3.8595831825047315,
        "amplitude": -0.03511693056994903,
        "frequency": 109.69494803121583,
        "type": "sin"
      }
    ]
  },
  "seed": 1078,
  "signal_id": "signal_078",
  "frequency_profile_type": "non_uniform_high_low",
  "noise_type": "structured"
}