{
  "t_start": 0.0,
  "t_end": 12.566370614359172,
  "fs_high": 1024.0,
  "tau_frequency": 1.55,
  "tau_amplitude": "N/A",
  "amplitude_spline_type": "zero_order",
  "base_points": [
    [
      0.0,
      3.377830423986976
    ],
    [
      3.8979289972131306,
      3.377830423986976
    ],
    [
      4.2693709969465825,
      3.377830423986976
    ],
    [
      4.316551605168794,
      3.377830423986976
    ],
    [
      12.307632157479375,
      3.377830423986976
    ],
    [
      12.566370614359172,
      3.6228170172743916
    ]
  ],
  "high_freq_points": [
    [
      0.0,
      0.0
    ],
    [
      3.8979289972131306,
      0.0
    ],
    [
      4.2693709969465825,
      0.0
    ],
    [
      4.316551605168794,
      0.0
    ],
    [
      12.307632157479375,
      0.0
    ],
    [
      12.566370614359172,
      0.0
    ]
  ],
  "variation_type": [
    "low",
    "low",
    "low",
    "low",
    "low",
    "low"
  ],
  "amp_knots": [
    0.0,
    2.5130859375,
    5.026171875,
    7.539257812500001,
    10.05234375,
    12.5654296875
  ],
  "amp_values": [
    9.097102501569806,
    10.80698824833412,
    7.768281553516909,
    10.390458007503039,
    9.669318141305157,
    1.8300640157246189
  ],
  "noise_profile": {
    "has_noise": true,
    "noise_type": "structured",
    "p_has_noise": 0.5,
    "p_gaussian": 0.5,
    "gaussian_std_relative": 0.15,
    "structured_segments": 1,
    "segment_details": [
      {
        "start": 9.594829631481321,
        "end": 12.533551894746767,
        "amplitude": -1.5321474811741886,
        "frequency": -78.3758264192184,
        "type": "sin"
      }
    ]
  },
  "seed": 1096,
  "signal_id": "signal_096",
  "frequency_profile_type": "non_uniform_high_low",
  "noise_type": "structured"
}