{
  "t_start": 0.0,
  "t_end": 12.566370614359172,
  "fs_high": 1024.0,
  "tau_frequency": 1.5,
  "tau_amplitude": "N/A",
  "amplitude_spline_type": "zero_order",
  "base_points": [
    [
      0.0,
      1.76062688114723
    ],
    [
      3.3030344408061696,
      1.76062688114723
    ],
    [
      3.624888770852089,
      4.55733675279998
    ],
    [
      4.427705822537979,
      4.55733675279998
    ],
    [
      10.21719053723445,
      2.591216315527622
    ],
    [
      12.16310160188646,
      2.591216315527622
    ],
    [
      12.566370614359172,
      2.591216315527622
    ]
  ],
  "high_freq_points": [
    [
      0.0,
      0.0
    ],
    [
      3.3030344408061696,
      0.0
    ],
    [
      3.624888770852089,
      0.0
    ],
    [
      4.427705822537979,
      0.0
    ],
    [
      10.21719053723445,
      0.0
    ],
    [
      12.16310160188646,
      0.0
    ],
    [
      12.566370614359172,
      0.0
    ]
  ],
  "variation_type": [
    "low",
    "low",
    "low",
    "low",
    "low",
    "low",
    "low"
  ],
  "amp_knots": [
    0.0,
    6.28271484375,
    12.5654296875
  ],
  "amp_values": [
    3.4533033313070334,
    3.7479839078867125,
    4.016265456190638
  ],
  "noise_profile": {
    "has_noise": false,
    "noise_type": "none",
    "p_has_noise": 0.5,
    "p_gaussian": 0.5,
    "gaussian_std_relative": 0.15
  },
  "seed": 1083,
  "signal_id": "signal_083",
  "frequency_profile_type": "non_uniform_high_low",
  "noise_type": "none"
}