{
  "t_start": 0.0,
  "t_end": 12.566370614359172,
  "fs_high": 1024.0,
  "tau_frequency": 1.75,
  "tau_amplitude": "N/A",
  "amplitude_spline_type": "zero_order",
  "base_points": [
    [
      0.0,
      3.3165377446904794
    ],
    [
      0.09765478377912887,
      3.3165377446904794
    ],
    [
      0.3681730545831804,
      3.3165377446904794
    ],
    [
      5.474537199532704,
      3.3165377446904794
    ],
    [
      8.360185888911293,
      1.1210602807995
    ],
    [
      12.17293700852373,
      4.90614307144894
    ],
    [
      12.566370614359172,
      4.90614307144894
    ]
  ],
  "high_freq_points": [
    [
      0.0,
      0.0
    ],
    [
      0.09765478377912887,
      0.0
    ],
    [
      0.3681730545831804,
      0.0
    ],
    [
      5.474537199532704,
      0.0
    ],
    [
      8.360185888911293,
      32.82744096799021
    ],
    [
      10.16559165294658,
      32.82744096799021
    ],
    [
      12.17293700852373,
      0.0
    ],
    [
      12.566370614359172,
      0.0
    ]
  ],
  "variation_type": [
    "low",
    "low",
    "low",
    "low",
    "high",
    "low",
    "low"
  ],
  "amp_knots": [
    0.0,
    4.1884765625,
    8.376953125,
    12.5654296875
  ],
  "amp_values": [
    0.9267540199763453,
    2.810203267953061,
    2.5747205815948444,
    1.3003290633479831
  ],
  "noise_profile": {
    "has_noise": false,
    "noise_type": "none",
    "p_has_noise": 0.5,
    "p_gaussian": 0.5,
    "gaussian_std_relative": 0.15
  },
  "seed": 1025,
  "signal_id": "signal_025",
  "frequency_profile_type": "non_uniform_high_low",
  "noise_type": "none"
}