{
  "t_start": 0.0,
  "t_end": 12.566370614359172,
  "fs_high": 1024.0,
  "tau_frequency": 1.05,
  "tau_amplitude": "N/A",
  "amplitude_spline_type": "zero_order",
  "base_points": [
    [
      0.0,
      3.709486842204605
    ],
    [
      0.48109243996904716,
      3.4097706015194396
    ],
    [
      1.0018744821326773,
      3.4097706015194396
    ],
    [
      8.600106559204104,
      3.4097706015194396
    ],
    [
      12.219354639791945,
      3.4097706015194396
    ],
    [
      12.566370614359172,
      3.4097706015194396
    ]
  ],
  "high_freq_points": [
    [
      0.0,
      0.0
    ],
    [
      0.48109243996904716,
      0.0
    ],
    [
      1.0018744821326773,
      0.0
    ],
    [
      8.600106559204104,
      0.0
    ],
    [
      12.219354639791945,
      0.0
    ],
    [
      12.566370614359172,
      0.0
    ]
  ],
  "variation_type": [
    "low",
    "low",
    "low",
    "low",
    "low",
    "low"
  ],
  "amp_knots": [
    0.0,
    6.28271484375,
    12.5654296875
  ],
  "amp_values": [
    0.2408743796971611,
    0.21341152014621956,
    0.2436970478941228
  ],
  "noise_profile": {
    "has_noise": false,
    "noise_type": "none",
    "p_has_noise": 0.5,
    "p_gaussian": 0.5,
    "gaussian_std_relative": 0.15
  },
  "seed": 1097,
  "signal_id": "signal_097",
  "frequency_profile_type": "non_uniform_high_low",
  "noise_type": "none"
}