{
  "t_start": 0.0,
  "t_end": 12.566370614359172,
  "fs_high": 1024.0,
  "tau_frequency": 1.5,
  "tau_amplitude": "N/A",
  "amplitude_spline_type": "zero_order",
  "base_points": [
    [
      0.0,
      4.12221188198652
    ],
    [
      3.2137998901082607,
      4.12221188198652
    ],
    [
      10.57191870067189,
      4.12221188198652
    ],
    [
      11.90668646933641,
      4.12221188198652
    ],
    [
      12.566370614359172,
      4.12221188198652
    ]
  ],
  "high_freq_points": [
    [
      0.0,
      0.0
    ],
    [
      3.2137998901082607,
      0.0
    ],
    [
      10.57191870067189,
      0.0
    ],
    [
      11.90668646933641,
      0.0
    ],
    [
      12.566370614359172,
      0.0
    ]
  ],
  "variation_type": [
    "low",
    "low",
    "low",
    "low",
    "low"
  ],
  "amp_knots": [
    0.0,
    2.5130859375,
    5.026171875,
    7.539257812500001,
    10.05234375,
    12.5654296875
  ],
  "amp_values": [
    0.5115884918707755,
    0.4525407119506144,
    0.4510429003384409,
    0.4777131600961891,
    0.5385056884774371,
    0.4051980215751463
  ],
  "noise_profile": {
    "has_noise": false,
    "noise_type": "none",
    "p_has_noise": 0.5,
    "p_gaussian": 0.5,
    "gaussian_std_relative": 0.15
  },
  "seed": 1039,
  "signal_id": "signal_039",
  "frequency_profile_type": "non_uniform_high_low",
  "noise_type": "none"
}