{
  "t_start": 0.0,
  "t_end": 12.566370614359172,
  "fs_high": 1024.0,
  "tau_frequency": 1.5,
  "tau_amplitude": "N/A",
  "amplitude_spline_type": "zero_order",
  "base_points": [
    [
      0.0,
      1.1226864272923822
    ],
    [
      3.309061495323318,
      1.1226864272923822
    ],
    [
      4.021309592221469,
      1.1226864272923822
    ],
    [
      5.148604449227709,
      1.1226864272923822
    ],
    [
      6.080053217824965,
      3.7684123269213616
    ],
    [
      7.108783607793819,
      3.7684123269213616
    ],
    [
      7.9416602217631205,
      4.960973678992179
    ],
    [
      8.565117434140348,
      1.1226864272923822
    ],
    [
      11.205496646765797,
      3.658798701097301
    ],
    [
      11.619780379753934,
      4.36000376720453
    ],
    [
      12.566370614359172,
      4.36000376720453
    ]
  ],
  "high_freq_points": [
    [
      0.0,
      0.0
    ],
    [
      3.309061495323318,
      0.0
    ],
    [
      4.021309592221469,
      0.0
    ],
    [
      5.148604449227709,
      0.0
    ],
    [
      6.080053217824965,
      0.0
    ],
    [
      7.108783607793819,
      0.0
    ],
    [
      7.9416602217631205,
      0.0
    ],
    [
      8.565117434140348,
      0.0
    ],
    [
      11.205496646765797,
      25.695863104308046
    ],
    [
      11.519300157871571,
      25.695863104308046
    ],
    [
      11.619780379753934,
      0.0
    ],
    [
      12.566370614359172,
      0.0
    ]
  ],
  "variation_type": [
    "low",
    "low",
    "low",
    "low",
    "low",
    "low",
    "low",
    "low",
    "high",
    "low",
    "low"
  ],
  "amp_knots": [
    0.0,
    6.28271484375,
    12.5654296875
  ],
  "amp_values": [
    1.1251648577571451,
    0.9425400193127476,
    0.7393035928048209
  ],
  "noise_profile": {
    "has_noise": true,
    "noise_type": "structured",
    "p_has_noise": 0.5,
    "p_gaussian": 0.5,
    "gaussian_std_relative": 0.15,
    "structured_segments": 3,
    "segment_details": [
      {
        "start": 8.674931879388813,
        "end": 11.642132734376336,
        "amplitude": -0.17008923891780592,
        "frequency": 60.165440153529,
        "type": "sin"
      },
      {
        "start": 4.009692773055606,
        "end": 7.383071206865164,
        "amplitude": 0.10483465863296526,
        "frequency": 108.61795545365287,
        "type": "sin"
      },
      {
        "start": 4.988704362738501,
        "end": 7.001067375991429,
        "amplitude": -0.04619450009702174,
        "frequency": -71.43819016171226,
        "type": "cos"
      }
    ]
  },
  "seed": 1006,
  "signal_id": "signal_006",
  "frequency_profile_type": "non_uniform_high_low",
  "noise_type": "structured"
}