{
  "t_start": 0.0,
  "t_end": 12.566370614359172,
  "fs_high": 1024.0,
  "tau_frequency": 1.3,
  "tau_amplitude": "N/A",
  "amplitude_spline_type": "zero_order",
  "base_points": [
    [
      0.0,
      1.3684167429245453
    ],
    [
      4.23385526718963,
      2.315822407807291
    ],
    [
      4.48310688269882,
      2.315822407807291
    ],
    [
      5.353371284266065,
      2.315822407807291
    ],
    [
      9.42819668369648,
      2.315822407807291
    ],
    [
      10.936721449614588,
      2.315822407807291
    ],
    [
      12.513062966003064,
      2.315822407807291
    ],
    [
      12.566370614359172,
      2.315822407807291
    ]
  ],
  "high_freq_points": [
    [
      0.0,
      0.0
    ],
    [
      4.23385526718963,
      0.0
    ],
    [
      4.48310688269882,
      0.0
    ],
    [
      5.353371284266065,
      0.0
    ],
    [
      9.42819668369648,
      0.0
    ],
    [
      10.936721449614588,
      0.0
    ],
    [
      12.513062966003064,
      0.0
    ],
    [
      12.566370614359172,
      0.0
    ]
  ],
  "variation_type": [
    "low",
    "low",
    "low",
    "low",
    "low",
    "low",
    "low",
    "low"
  ],
  "amp_knots": [
    0.0,
    6.28271484375,
    12.5654296875
  ],
  "amp_values": [
    4.892224382035779,
    4.581638576905833,
    4.110861493328146
  ],
  "noise_profile": {
    "has_noise": false,
    "noise_type": "none",
    "p_has_noise": 0.5,
    "p_gaussian": 0.5,
    "gaussian_std_relative": 0.15
  },
  "seed": 1053,
  "signal_id": "signal_053",
  "frequency_profile_type": "non_uniform_high_low",
  "noise_type": "none"
}