{
  "t_start": 0.0,
  "t_end": 12.566370614359172,
  "fs_high": 1024.0,
  "tau_frequency": 2.0,
  "tau_amplitude": "N/A",
  "amplitude_spline_type": "zero_order",
  "base_points": [
    [
      0.0,
      4.458192238673167
    ],
    [
      2.1425688041082647,
      4.458192238673167
    ],
    [
      3.030377139398686,
      4.458192238673167
    ],
    [
      4.56428466612384,
      4.458192238673167
    ],
    [
      5.907914429868705,
      4.458192238673167
    ],
    [
      6.1949153325744835,
      4.458192238673167
    ],
    [
      8.268231979544732,
      4.458192238673167
    ],
    [
      10.79193336526603,
      2.884278211165953
    ],
    [
      11.431344112410848,
      2.6836951843962455
    ],
    [
      12.566370614359172,
      2.884278211165953
    ]
  ],
  "high_freq_points": [
    [
      0.0,
      0.0
    ],
    [
      2.1425688041082647,
      0.0
    ],
    [
      3.030377139398686,
      0.0
    ],
    [
      4.56428466612384,
      0.0
    ],
    [
      5.907914429868705,
      0.0
    ],
    [
      6.1949153325744835,
      0.0
    ],
    [
      8.268231979544732,
      0.0
    ],
    [
      10.79193336526603,
      0.0
    ],
    [
      11.431344112410848,
      0.0
    ],
    [
      12.566370614359172,
      0.0
    ]
  ],
  "variation_type": [
    "low",
    "low",
    "low",
    "low",
    "low",
    "low",
    "low",
    "low",
    "low",
    "low"
  ],
  "amp_knots": [
    0.0,
    3.141357421875,
    6.28271484375,
    9.424072265625,
    12.5654296875
  ],
  "amp_values": [
    1.820471234490604,
    3.3059503747514616,
    4.693287931949509,
    5.941298924862477,
    7.012934468709856
  ],
  "noise_profile": {
    "has_noise": false,
    "noise_type": "none",
    "p_has_noise": 0.5,
    "p_gaussian": 0.5,
    "gaussian_std_relative": 0.15
  },
  "seed": 1017,
  "signal_id": "signal_017",
  "frequency_profile_type": "non_uniform_high_low",
  "noise_type": "none"
}