{
  "t_start": 0.0,
  "t_end": 12.566370614359172,
  "fs_high": 1024.0,
  "tau_frequency": 1.15,
  "tau_amplitude": "N/A",
  "amplitude_spline_type": "zero_order",
  "base_points": [
    [
      0.0,
      4.554225452607521
    ],
    [
      0.31404590380062897,
      4.554225452607521
    ],
    [
      0.9532950957667345,
      4.554225452607521
    ],
    [
      3.308835408306715,
      4.554225452607521
    ],
    [
      4.4577772026085585,
      4.554225452607521
    ],
    [
      6.391526523724285,
      4.554225452607521
    ],
    [
      9.394837153374674,
      3.31850984202919
    ],
    [
      9.744337642263488,
      3.31850984202919
    ],
    [
      12.566370614359172,
      4.039239952258942
    ]
  ],
  "high_freq_points": [
    [
      0.0,
      0.0
    ],
    [
      0.31404590380062897,
      0.0
    ],
    [
      0.9532950957667345,
      0.0
    ],
    [
      3.308835408306715,
      0.0
    ],
    [
      4.4577772026085585,
      0.0
    ],
    [
      6.391526523724285,
      0.0
    ],
    [
      9.394837153374674,
      0.0
    ],
    [
      9.744337642263488,
      0.0
    ],
    [
      12.566370614359172,
      0.0
    ]
  ],
  "variation_type": [
    "low",
    "low",
    "low",
    "low",
    "low",
    "low",
    "low",
    "low",
    "low"
  ],
  "amp_knots": [
    0.0,
    6.28271484375,
    12.5654296875
  ],
  "amp_values": [
    5.1716249871989515,
    5.644894394960879,
    5.8570901037811645
  ],
  "noise_profile": {
    "has_noise": false,
    "noise_type": "none",
    "p_has_noise": 0.5,
    "p_gaussian": 0.5,
    "gaussian_std_relative": 0.15
  },
  "seed": 1021,
  "signal_id": "signal_021",
  "frequency_profile_type": "non_uniform_high_low",
  "noise_type": "none"
}