{
  "t_start": 0.0,
  "t_end": 12.566370614359172,
  "fs_high": 1024.0,
  "tau_frequency": 1.4,
  "tau_amplitude": "N/A",
  "amplitude_spline_type": "zero_order",
  "base_points": [
    [
      0.0,
      2.0091504613461892
    ],
    [
      1.7933020886116624,
      2.0091504613461892
    ],
    [
      4.899485302990811,
      2.0091504613461892
    ],
    [
      7.650578943579764,
      2.0091504613461892
    ],
    [
      12.566370614359172,
      2.0091504613461892
    ]
  ],
  "high_freq_points": [
    [
      0.0,
      0.0
    ],
    [
      1.7933020886116624,
      0.0
    ],
    [
      4.899485302990811,
      0.0
    ],
    [
      7.650578943579764,
      0.0
    ],
    [
      12.566370614359172,
      0.0
    ]
  ],
  "variation_type": [
    "low",
    "low",
    "low",
    "low",
    "low"
  ],
  "amp_knots": [
    0.0,
    4.1884765625,
    8.376953125,
    12.5654296875
  ],
  "amp_values": [
    2.4477577354749056,
    1.4183163909854313,
    2.0360255023478024,
    2.0093673949176
  ],
  "noise_profile": {
    "has_noise": false,
    "noise_type": "none",
    "p_has_noise": 0.5,
    "p_gaussian": 0.5,
    "gaussian_std_relative": 0.15
  },
  "seed": 1037,
  "signal_id": "signal_037",
  "frequency_profile_type": "non_uniform_high_low",
  "noise_type": "none"
}