{
  "t_start": 0.0,
  "t_end": 12.566370614359172,
  "fs_high": 1024.0,
  "tau_frequency": 1.65,
  "tau_amplitude": "N/A",
  "amplitude_spline_type": "zero_order",
  "base_points": [
    [
      0.0,
      4.536085102436051
    ],
    [
      1.7482718232637438,
      2.8854249348898517
    ],
    [
      3.5191868045035584,
      2.8854249348898517
    ],
    [
      4.296777840768222,
      1.2352558567966616
    ],
    [
      7.696409816196009,
      4.275840158501179
    ],
    [
      8.628818371474514,
      4.275840158501179
    ],
    [
      12.566370614359172,
      4.275840158501179
    ]
  ],
  "high_freq_points": [
    [
      0.0,
      0.0
    ],
    [
      1.7482718232637438,
      0.0
    ],
    [
      3.5191868045035584,
      0.0
    ],
    [
      4.296777840768222,
      55.72259206202433
    ],
    [
      6.898687450048711,
      55.72259206202433
    ],
    [
      7.696409816196009,
      0.0
    ],
    [
      8.628818371474514,
      0.0
    ],
    [
      12.566370614359172,
      0.0
    ]
  ],
  "variation_type": [
    "low",
    "low",
    "low",
    "high",
    "low",
    "low",
    "low"
  ],
  "amp_knots": [
    0.0,
    2.5130859375,
    5.026171875,
    7.539257812500001,
    10.05234375,
    12.5654296875
  ],
  "amp_values": [
    0.12674757404357026,
    0.16579225532045266,
    0.10990479051760621,
    0.1296044300710301,
    0.1367831140654193,
    0.15418576976393736
  ],
  "noise_profile": {
    "has_noise": true,
    "noise_type": "structured",
    "p_has_noise": 0.5,
    "p_gaussian": 0.5,
    "gaussian_std_relative": 0.15,
    "structured_segments": 2,
    "segment_details": [
      {
        "start": 0.4468324878216378,
        "end": 4.09526248333976,
        "amplitude": 0.0011014490003653646,
        "frequency": 38.14501029137006,
        "type": "sin"
      },
      {
        "start": 7.109158096914373,
        "end": 8.612494166497921,
        "amplitude": -0.004602863751869372,
        "frequency": 18.09588768003862,
        "type": "cos"
      }
    ]
  },
  "seed": 1052,
  "signal_id": "signal_052",
  "frequency_profile_type": "non_uniform_high_low",
  "noise_type": "structured"
}