{
  "t_start": 0.0,
  "t_end": 12.566370614359172,
  "fs_high": 1024.0,
  "tau_frequency": 1.9,
  "tau_amplitude": "N/A",
  "amplitude_spline_type": "zero_order",
  "base_points": [
    [
      0.0,
      3.0848931845206398
    ],
    [
      4.7105358886011155,
      1.4252821325204796
    ],
    [
      9.359225142730807,
      2.9042365493901996
    ],
    [
      9.856155839762355,
      2.9042365493901996
    ],
    [
      11.45353362856885,
      2.9042365493901996
    ],
    [
      12.566370614359172,
      2.9042365493901996
    ]
  ],
  "high_freq_points": [
    [
      0.0,
      0.0
    ],
    [
      4.7105358886011155,
      55.400009575661656
    ],
    [
      5.66058901772245,
      55.400009575661656
    ],
    [
      9.359225142730807,
      0.0
    ],
    [
      9.856155839762355,
      0.0
    ],
    [
      11.45353362856885,
      0.0
    ],
    [
      12.566370614359172,
      0.0
    ]
  ],
  "variation_type": [
    "low",
    "high",
    "low",
    "low",
    "low",
    "low"
  ],
  "amp_knots": [
    0.0,
    4.1884765625,
    8.376953125,
    12.5654296875
  ],
  "amp_values": [
    2.0675468332703066,
    2.570299298051145,
    1.255535095293859,
    1.9156584729737829
  ],
  "noise_profile": {
    "has_noise": false,
    "noise_type": "none",
    "p_has_noise": 0.5,
    "p_gaussian": 0.5,
    "gaussian_std_relative": 0.15
  },
  "seed": 1041,
  "signal_id": "signal_041",
  "frequency_profile_type": "non_uniform_high_low",
  "noise_type": "none"
}