{
  "t_start": 0.0,
  "t_end": 12.566370614359172,
  "fs_high": 1024.0,
  "tau_frequency": 1.6,
  "tau_amplitude": "N/A",
  "amplitude_spline_type": "zero_order",
  "base_points": [
    [
      0.0,
      4.236537149740341
    ],
    [
      7.400406218785984,
      1.4677697162681569
    ],
    [
      8.471876618877063,
      4.038589670980152
    ],
    [
      12.566370614359172,
      1.0734556385183733
    ]
  ],
  "high_freq_points": [
    [
      0.0,
      0.0
    ],
    [
      7.400406218785984,
      72.34893271417715
    ],
    [
      8.320671938645985,
      72.34893271417715
    ],
    [
      8.471876618877063,
      0.0
    ],
    [
      12.566370614359172,
      0.0
    ]
  ],
  "variation_type": [
    "low",
    "high",
    "low",
    "low"
  ],
  "amp_knots": [
    0.0,
    6.28271484375,
    12.5654296875
  ],
  "amp_values": [
    1.051339298114685,
    1.451173998323421,
    2.7576106581757327
  ],
  "noise_profile": {
    "has_noise": false,
    "noise_type": "none",
    "p_has_noise": 0.5,
    "p_gaussian": 0.5,
    "gaussian_std_relative": 0.15
  },
  "seed": 1091,
  "signal_id": "signal_091",
  "frequency_profile_type": "non_uniform_high_low",
  "noise_type": "none"
}