{
  "t_start": 0.0,
  "t_end": 12.566370614359172,
  "fs_high": 1024.0,
  "tau_frequency": 1.6,
  "tau_amplitude": 1.0,
  "amplitude_spline_type": "tension",
  "base_points": [
    [
      0.0,
      4.601091626525331
    ],
    [
      2.4701424589932777,
      3.7940076891889722
    ],
    [
      4.993045113514008,
      3.894241530939807
    ],
    [
      6.29222003576862,
      2.7849104620464247
    ],
    [
      10.774356228244692,
      1.898728042180259
    ],
    [
      12.566370614359172,
      1.898728042180259
    ]
  ],
  "high_freq_points": [
    [
      0.0,
      0.0
    ],
    [
      2.4701424589932777,
      72.4472924093725
    ],
    [
      2.8268391936610757,
      72.4472924093725
    ],
    [
      4.993045113514008,
      0.0
    ],
    [
      6.29222003576862,
      69.4224550767936
    ],
    [
      8.050360898997758,
      69.4224550767936
    ],
    [
      10.774356228244692,
      0.0
    ],
    [
      12.566370614359172,
      0.0
    ]
  ],
  "variation_type": [
    "low",
    "high",
    "low",
    "high",
    "low",
    "low"
  ],
  "amp_knots": [
    0.0,
    2.5130859375,
    5.026171875,
    7.539257812500001,
    10.05234375,
    12.5654296875
  ],
  "amp_values": [
    1.3151058429090265,
    0.9983702695487723,
    2.9166453121124722,
    3.680377413038478,
    2.9872461280943714,
    1.1116248373195896
  ],
  "noise_profile": {
    "has_noise": false,
    "noise_type": "none",
    "p_has_noise": 0.5,
    "p_gaussian": 0.5,
    "gaussian_std_relative": 0.15
  },
  "seed": 1082,
  "signal_id": "signal_082",
  "frequency_profile_type": "non_uniform_high_low",
  "noise_type": "none"
}