{
  "t_start": 0.0,
  "t_end": 12.566370614359172,
  "fs_high": 1024.0,
  "tau_frequency": 1.65,
  "tau_amplitude": "N/A",
  "amplitude_spline_type": "zero_order",
  "base_points": [
    [
      0.0,
      3.548218353815647
    ],
    [
      0.5079584052907925,
      3.548218353815647
    ],
    [
      6.362291692171966,
      3.548218353815647
    ],
    [
      12.361758994665816,
      1.4657680005952622
    ],
    [
      12.566370614359172,
      1.4657680005952622
    ]
  ],
  "high_freq_points": [
    [
      0.0,
      0.0
    ],
    [
      0.5079584052907925,
      0.0
    ],
    [
      6.362291692171966,
      0.0
    ],
    [
      12.361758994665816,
      0.0
    ],
    [
      12.566370614359172,
      0.0
    ]
  ],
  "variation_type": [
    "low",
    "low",
    "low",
    "low",
    "low"
  ],
  "amp_knots": [
    0.0,
    3.141357421875,
    6.28271484375,
    9.424072265625,
    12.5654296875
  ],
  "amp_values": [
    0.5218749579461363,
    0.5725256635495373,
    0.5403534446001442,
    0.42522429152977237,
    0.5551106295579809
  ],
  "noise_profile": {
    "has_noise": false,
    "noise_type": "none",
    "p_has_noise": 0.5,
    "p_gaussian": 0.5,
    "gaussian_std_relative": 0.15
  },
  "seed": 1016,
  "signal_id": "signal_016",
  "frequency_profile_type": "non_uniform_high_low",
  "noise_type": "none"
}