{
  "t_start": 0.0,
  "t_end": 12.566370614359172,
  "fs_high": 1024.0,
  "tau_frequency": 1.15,
  "tau_amplitude": 10.0,
  "amplitude_spline_type": "tension",
  "base_points": [
    [
      0.0,
      1.389021216917333
    ],
    [
      1.256883136865398,
      1.389021216917333
    ],
    [
      1.385611371071941,
      1.389021216917333
    ],
    [
      3.0292254047611276,
      1.389021216917333
    ],
    [
      3.3007292216283757,
      4.2655835837954825
    ],
    [
      3.5200015479074693,
      4.2655835837954825
    ],
    [
      5.246488327675768,
      4.94965410978638
    ],
    [
      8.045067653758496,
      4.2655835837954825
    ],
    [
      12.566370614359172,
      4.2655835837954825
    ]
  ],
  "high_freq_points": [
    [
      0.0,
      0.0
    ],
    [
      1.256883136865398,
      0.0
    ],
    [
      1.385611371071941,
      0.0
    ],
    [
      3.0292254047611276,
      0.0
    ],
    [
      3.3007292216283757,
      0.0
    ],
    [
      3.5200015479074693,
      0.0
    ],
    [
      5.246488327675768,
      0.0
    ],
    [
      8.045067653758496,
      0.0
    ],
    [
      12.566370614359172,
      0.0
    ]
  ],
  "variation_type": [
    "low",
    "low",
    "low",
    "low",
    "low",
    "low",
    "low",
    "low",
    "low"
  ],
  "amp_knots": [
    0.0,
    6.28271484375,
    12.5654296875
  ],
  "amp_values": [
    0.842823497734232,
    2.22997680924892,
    2.0116187994464383
  ],
  "noise_profile": {
    "has_noise": true,
    "noise_type": "structured",
    "p_has_noise": 0.5,
    "p_gaussian": 0.5,
    "gaussian_std_relative": 0.15,
    "structured_segments": 2,
    "segment_details": [
      {
        "start": 3.6068084599073305,
        "end": 5.4403378600696755,
        "amplitude": 0.45648760177967707,
        "frequency": -20.575514136112126,
        "type": "sin"
      },
      {
        "start": 0.456432507237864,
        "end": 1.7100513655099312,
        "amplitude": -0.002648283779115419,
        "frequency": -29.599296805702163,
        "type": "cos"
      }
    ]
  },
  "seed": 1089,
  "signal_id": "signal_089",
  "frequency_profile_type": "non_uniform_high_low",
  "noise_type": "structured"
}