{
  "t_start": 0.0,
  "t_end": 12.566370614359172,
  "fs_high": 1024.0,
  "tau_frequency": 1.65,
  "tau_amplitude": "N/A",
  "amplitude_spline_type": "zero_order",
  "base_points": [
    [
      0.0,
      2.6543998807347395
    ],
    [
      0.32730693895034646,
      2.6543998807347395
    ],
    [
      0.5708438217894498,
      2.6543998807347395
    ],
    [
      5.089733598762625,
      1.4102608990276972
    ],
    [
      5.946038285679262,
      1.4102608990276972
    ],
    [
      6.072924214925293,
      1.4102608990276972
    ],
    [
      7.638288668805075,
      1.4102608990276972
    ],
    [
      8.046736523515134,
      1.4102608990276972
    ],
    [
      8.290069755557266,
      2.599613449133788
    ],
    [
      8.577126043877652,
      2.599613449133788
    ],
    [
      8.68942278099384,
      2.599613449133788
    ],
    [
      11.457013510417353,
      2.599613449133788
    ],
    [
      12.566370614359172,
      2.599613449133788
    ]
  ],
  "high_freq_points": [
    [
      0.0,
      0.0
    ],
    [
      0.32730693895034646,
      0.0
    ],
    [
      0.5708438217894498,
      0.0
    ],
    [
      5.089733598762625,
      0.0
    ],
    [
      5.946038285679262,
      0.0
    ],
    [
      6.072924214925293,
      0.0
    ],
    [
      7.638288668805075,
      0.0
    ],
    [
      8.046736523515134,
      0.0
    ],
    [
      8.290069755557266,
      0.0
    ],
    [
      8.577126043877652,
      0.0
    ],
    [
      8.68942278099384,
      0.0
    ],
    [
      11.457013510417353,
      0.0
    ],
    [
      12.566370614359172,
      0.0
    ]
  ],
  "variation_type": [
    "low",
    "low",
    "low",
    "low",
    "low",
    "low",
    "low",
    "low",
    "low",
    "low",
    "low",
    "low",
    "low"
  ],
  "amp_knots": [
    0.0,
    4.1884765625,
    8.376953125,
    12.5654296875
  ],
  "amp_values": [
    0.6850717721792944,
    0.8587714747381334,
    2.1381855443016184,
    2.759218820904813
  ],
  "noise_profile": {
    "has_noise": false,
    "noise_type": "none",
    "p_has_noise": 0.5,
    "p_gaussian": 0.5,
    "gaussian_std_relative": 0.15
  },
  "seed": 1059,
  "signal_id": "signal_059",
  "frequency_profile_type": "non_uniform_high_low",
  "noise_type": "none"
}