{
  "t_start": 0.0,
  "t_end": 12.566370614359172,
  "fs_high": 1024.0,
  "tau_frequency": 1.45,
  "tau_amplitude": 15.0,
  "amplitude_spline_type": "tension",
  "base_points": [
    [
      0.0,
      3.2797421608178343
    ],
    [
      0.3986347596315891,
      4.692835098045229
    ],
    [
      1.666698839548139,
      4.692835098045229
    ],
    [
      5.699414023170234,
      4.692835098045229
    ],
    [
      9.192994127595616,
      4.692835098045229
    ],
    [
      9.337799583715105,
      4.692835098045229
    ],
    [
      9.974538170430524,
      4.692835098045229
    ],
    [
      11.461980694404085,
      4.692835098045229
    ],
    [
      12.433100050028704,
      4.692835098045229
    ],
    [
      12.566370614359172,
      1.5892297866348017
    ]
  ],
  "high_freq_points": [
    [
      0.0,
      44.173477080520485
    ],
    [
      0.039963549446535504,
      44.173477080520485
    ],
    [
      0.3986347596315891,
      0.0
    ],
    [
      1.666698839548139,
      0.0
    ],
    [
      5.699414023170234,
      0.0
    ],
    [
      9.192994127595616,
      0.0
    ],
    [
      9.337799583715105,
      0.0
    ],
    [
      9.974538170430524,
      0.0
    ],
    [
      11.461980694404085,
      0.0
    ],
    [
      12.433100050028704,
      0.0
    ],
    [
      12.566370614359172,
      0.0
    ]
  ],
  "variation_type": [
    "high",
    "low",
    "low",
    "low",
    "low",
    "low",
    "low",
    "low",
    "low",
    "high"
  ],
  "amp_knots": [
    0.0,
    3.141357421875,
    6.28271484375,
    9.424072265625,
    12.5654296875
  ],
  "amp_values": [
    3.337863087957155,
    2.6609860197961996,
    3.4044058521649334,
    2.8836134954664976,
    3.2252268814922136
  ],
  "noise_profile": {
    "has_noise": false,
    "noise_type": "none",
    "p_has_noise": 0.5,
    "p_gaussian": 0.5,
    "gaussian_std_relative": 0.15
  },
  "seed": 1005,
  "signal_id": "signal_005",
  "frequency_profile_type": "non_uniform_high_low",
  "noise_type": "none"
}