{
  "t_start": 0.0,
  "t_end": 12.566370614359172,
  "fs_high": 1024.0,
  "tau_frequency": 1.25,
  "tau_amplitude": 1.0,
  "amplitude_spline_type": "tension",
  "base_points": [
    [
      0.0,
      1.5611989406547075
    ],
    [
      1.8397768608878038,
      1.5611989406547075
    ],
    [
      4.679514009399761,
      4.663850160232043
    ],
    [
      4.92002339140563,
      4.663850160232043
    ],
    [
      9.313411307035594,
      4.663850160232043
    ],
    [
      11.60698366399233,
      4.663850160232043
    ],
    [
      12.06620793163864,
      2.7798259607725084
    ],
    [
      12.566370614359172,
      2.7798259607725084
    ]
  ],
  "high_freq_points": [
    [
      0.0,
      0.0
    ],
    [
      1.8397768608878038,
      0.0
    ],
    [
      4.679514009399761,
      0.0
    ],
    [
      4.92002339140563,
      0.0
    ],
    [
      9.313411307035594,
      0.0
    ],
    [
      11.60698366399233,
      0.0
    ],
    [
      12.06620793163864,
      0.0
    ],
    [
      12.566370614359172,
      0.0
    ]
  ],
  "variation_type": [
    "low",
    "low",
    "low",
    "low",
    "low",
    "low",
    "low",
    "low"
  ],
  "amp_knots": [
    0.0,
    3.141357421875,
    6.28271484375,
    9.424072265625,
    12.5654296875
  ],
  "amp_values": [
    4.626980021033127,
    5.506638288264504,
    2.484171596556261,
    2.298633704983959,
    5.452576625860235
  ],
  "noise_profile": {
    "has_noise": true,
    "noise_type": "structured",
    "p_has_noise": 0.5,
    "p_gaussian": 0.5,
    "gaussian_std_relative": 0.15,
    "structured_segments": 1,
    "segment_details": [
      {
        "start": 7.80782109407999,
        "end": 9.373849895266675,
        "amplitude": -0.24218262437881147,
        "frequency": 88.38615356180914,
        "type": "cos"
      }
    ]
  },
  "seed": 1023,
  "signal_id": "signal_023",
  "frequency_profile_type": "non_uniform_high_low",
  "noise_type": "structured"
}