{
  "t_start": 0.0,
  "t_end": 12.566370614359172,
  "fs_high": 1024.0,
  "tau_frequency": 1.35,
  "tau_amplitude": 1.0,
  "amplitude_spline_type": "tension",
  "base_points": [
    [
      0.0,
      1.4976802794980002
    ],
    [
      0.19757744513702052,
      1.4976802794980002
    ],
    [
      0.6379624062932341,
      1.4976802794980002
    ],
    [
      1.3405628514656627,
      1.4976802794980002
    ],
    [
      2.288336136982139,
      3.6116759631409896
    ],
    [
      6.708082513868129,
      3.6116759631409896
    ],
    [
      8.671722729699432,
      1.4976802794980002
    ],
    [
      8.78695472954606,
      4.0262068848394
    ],
    [
      12.566370614359172,
      1.4681368741549279
    ]
  ],
  "high_freq_points": [
    [
      0.0,
      0.0
    ],
    [
      0.19757744513702052,
      0.0
    ],
    [
      0.6379624062932341,
      0.0
    ],
    [
      1.3405628514656627,
      0.0
    ],
    [
      2.288336136982139,
      0.0
    ],
    [
      6.708082513868129,
      0.0
    ],
    [
      8.671722729699432,
      43.80933107170182
    ],
    [
      8.752191440504548,
      43.80933107170182
    ],
    [
      8.78695472954606,
      0.0
    ],
    [
      12.566370614359172,
      0.0
    ]
  ],
  "variation_type": [
    "low",
    "low",
    "low",
    "low",
    "low",
    "low",
    "high",
    "low",
    "low"
  ],
  "amp_knots": [
    0.0,
    2.5130859375,
    5.026171875,
    7.539257812500001,
    10.05234375,
    12.5654296875
  ],
  "amp_values": [
    0.8865720770544755,
    0.696421473258389,
    1.0265064191262327,
    0.6597869568784769,
    0.5770076638849977,
    1.039916599239726
  ],
  "noise_profile": {
    "has_noise": false,
    "noise_type": "none",
    "p_has_noise": 0.5,
    "p_gaussian": 0.5,
    "gaussian_std_relative": 0.15
  },
  "seed": 1019,
  "signal_id": "signal_019",
  "frequency_profile_type": "non_uniform_high_low",
  "noise_type": "none"
}