{
  "t_start": 0.0,
  "t_end": 12.566370614359172,
  "fs_high": 1024.0,
  "tau_frequency": 1.2,
  "tau_amplitude": 5.0,
  "amplitude_spline_type": "tension",
  "base_points": [
    [
      0.0,
      3.696461725896483
    ],
    [
      5.289404768183161,
      3.696461725896483
    ],
    [
      8.569166382239093,
      2.6726058664002665
    ],
    [
      12.566370614359172,
      2.6726058664002665
    ]
  ],
  "high_freq_points": [
    [
      0.0,
      0.0
    ],
    [
      5.289404768183161,
      0.0
    ],
    [
      8.569166382239093,
      0.0
    ],
    [
      12.566370614359172,
      0.0
    ]
  ],
  "variation_type": [
    "low",
    "low",
    "low",
    "low"
  ],
  "amp_knots": [
    0.0,
    6.28271484375,
    12.5654296875
  ],
  "amp_values": [
    1.1131146645762346,
    0.9564709349860396,
    1.7838038477970204
  ],
  "noise_profile": {
    "has_noise": false,
    "noise_type": "none",
    "p_has_noise": 0.5,
    "p_gaussian": 0.5,
    "gaussian_std_relative": 0.15
  },
  "seed": 1000,
  "signal_id": "signal_000",
  "frequency_profile_type": "non_uniform_high_low",
  "noise_type": "none"
}