{
  "t_start": 0.0,
  "t_end": 12.566370614359172,
  "fs_high": 1024.0,
  "tau_frequency": 1.75,
  "tau_amplitude": "N/A",
  "amplitude_spline_type": "zero_order",
  "base_points": [
    [
      0.0,
      4.052553358528957
    ],
    [
      4.075053257744765,
      4.052553358528957
    ],
    [
      5.688305897563924,
      4.052553358528957
    ],
    [
      9.947105176828991,
      2.854060468144629
    ],
    [
      12.566370614359172,
      2.854060468144629
    ]
  ],
  "high_freq_points": [
    [
      0.0,
      0.0
    ],
    [
      4.075053257744765,
      0.0
    ],
    [
      5.688305897563924,
      0.0
    ],
    [
      9.947105176828991,
      0.0
    ],
    [
      12.566370614359172,
      0.0
    ]
  ],
  "variation_type": [
    "low",
    "low",
    "low",
    "low",
    "low"
  ],
  "amp_knots": [
    0.0,
    4.1884765625,
    8.376953125,
    12.5654296875
  ],
  "amp_values": [
    0.9538342448304226,
    2.0960619566423975,
    1.990985633668568,
    0.7011330657914813
  ],
  "noise_profile": {
    "has_noise": true,
    "noise_type": "structured",
    "p_has_noise": 0.5,
    "p_gaussian": 0.5,
    "gaussian_std_relative": 0.15,
    "structured_segments": 1,
    "segment_details": [
      {
        "start": 8.293673863252144,
        "end": 10.803053247078775,
        "amplitude": -0.08226016996282431,
        "frequency": -2.239550556469655,
        "type": "sin"
      }
    ]
  },
  "seed": 1004,
  "signal_id": "signal_004",
  "frequency_profile_type": "non_uniform_high_low",
  "noise_type": "structured"
}