{
  "t_start": 0.0,
  "t_end": 12.566370614359172,
  "fs_high": 1024.0,
  "tau_frequency": 1.25,
  "tau_amplitude": "N/A",
  "amplitude_spline_type": "zero_order",
  "base_points": [
    [
      0.0,
      4.313577224411411
    ],
    [
      0.5853076341414067,
      4.313577224411411
    ],
    [
      3.6761699992519663,
      4.313577224411411
    ],
    [
      4.386514317483022,
      2.0773518843976757
    ],
    [
      4.466540142191136,
      1.543618112107903
    ],
    [
      5.634963784180285,
      1.543618112107903
    ],
    [
      6.74209199495082,
      1.543618112107903
    ],
    [
      9.766877791037228,
      1.543618112107903
    ],
    [
      10.977672745494907,
      1.543618112107903
    ],
    [
      11.493796683965314,
      1.543618112107903
    ],
    [
      12.566370614359172,
      2.6276689333016323
    ]
  ],
  "high_freq_points": [
    [
      0.0,
      0.0
    ],
    [
      0.5853076341414067,
      0.0
    ],
    [
      3.6761699992519663,
      0.0
    ],
    [
      4.386514317483022,
      0.0
    ],
    [
      4.466540142191136,
      0.0
    ],
    [
      5.634963784180285,
      0.0
    ],
    [
      6.74209199495082,
      0.0
    ],
    [
      9.766877791037228,
      0.0
    ],
    [
      10.977672745494907,
      0.0
    ],
    [
      11.493796683965314,
      0.0
    ],
    [
      12.566370614359172,
      0.0
    ]
  ],
  "variation_type": [
    "low",
    "low",
    "low",
    "low",
    "low",
    "low",
    "low",
    "low",
    "low",
    "low",
    "low"
  ],
  "amp_knots": [
    0.0,
    2.5130859375,
    5.026171875,
    7.539257812500001,
    10.05234375,
    12.5654296875
  ],
  "amp_values": [
    1.6159726543216517,
    1.928960738013977,
    1.43304229578364,
    2.1479051809252634,
    1.5916239111189576,
    1.7810446300742593
  ],
  "noise_profile": {
    "has_noise": false,
    "noise_type": "none",
    "p_has_noise": 0.5,
    "p_gaussian": 0.5,
    "gaussian_std_relative": 0.15
  },
  "seed": 1044,
  "signal_id": "signal_044",
  "frequency_profile_type": "non_uniform_high_low",
  "noise_type": "none"
}