{
  "t_start": 0.0,
  "t_end": 12.566370614359172,
  "fs_high": 1024.0,
  "tau_frequency": 1.85,
  "tau_amplitude": 10.0,
  "amplitude_spline_type": "tension",
  "base_points": [
    [
      0.0,
      1.0392776454949066
    ],
    [
      0.044967724354985125,
      1.0392776454949066
    ],
    [
      2.575939281880291,
      1.0392776454949066
    ],
    [
      4.519291051786732,
      3.4296811762407415
    ],
    [
      6.232680262818334,
      3.4296811762407415
    ],
    [
      6.941315474266748,
      3.4296811762407415
    ],
    [
      9.337653908135678,
      3.4296811762407415
    ],
    [
      10.64102503153889,
      3.4296811762407415
    ],
    [
      10.714469569952564,
      3.558288360039105
    ],
    [
      12.566370614359172,
      3.558288360039105
    ]
  ],
  "high_freq_points": [
    [
      0.0,
      0.0
    ],
    [
      0.044967724354985125,
      0.0
    ],
    [
      2.575939281880291,
      0.0
    ],
    [
      4.519291051786732,
      0.0
    ],
    [
      6.232680262818334,
      0.0
    ],
    [
      6.941315474266748,
      0.0
    ],
    [
      9.337653908135678,
      0.0
    ],
    [
      10.64102503153889,
      0.0
    ],
    [
      10.714469569952564,
      0.0
    ],
    [
      12.566370614359172,
      0.0
    ]
  ],
  "variation_type": [
    "low",
    "low",
    "low",
    "low",
    "low",
    "low",
    "low",
    "low",
    "low",
    "low"
  ],
  "amp_knots": [
    0.0,
    6.28271484375,
    12.5654296875
  ],
  "amp_values": [
    0.7053078732328456,
    0.5575664548092608,
    0.5222552806786726
  ],
  "noise_profile": {
    "has_noise": true,
    "noise_type": "gaussian",
    "p_has_noise": 0.5,
    "p_gaussian": 0.5,
    "gaussian_std_relative": 0.15,
    "noise_std": 0.062317175817339594,
    "gaussian_internal_strategy": "high_segments"
  },
  "seed": 1064,
  "signal_id": "signal_064",
  "frequency_profile_type": "non_uniform_high_low",
  "noise_type": "gaussian"
}