{
  "t_start": 0.0,
  "t_end": 12.566370614359172,
  "fs_high": 1024.0,
  "tau_frequency": 1.3,
  "tau_amplitude": "N/A",
  "amplitude_spline_type": "zero_order",
  "base_points": [
    [
      0.0,
      1.3981347238039121
    ],
    [
      0.7935047619013456,
      1.3981347238039121
    ],
    [
      1.8472712448139552,
      1.3981347238039121
    ],
    [
      5.583540258811897,
      4.197065102525122
    ],
    [
      6.337412547774869,
      4.1557729160173515
    ],
    [
      8.131708065485386,
      4.1557729160173515
    ],
    [
      9.876656145287408,
      4.276047474334904
    ],
    [
      10.84109493018329,
      4.276047474334904
    ],
    [
      12.566370614359172,
      4.276047474334904
    ]
  ],
  "high_freq_points": [
    [
      0.0,
      0.0
    ],
    [
      0.7935047619013456,
      0.0
    ],
    [
      1.8472712448139552,
      0.0
    ],
    [
      5.583540258811897,
      0.0
    ],
    [
      6.337412547774869,
      0.0
    ],
    [
      8.131708065485386,
      0.0
    ],
    [
      9.876656145287408,
      0.0
    ],
    [
      10.84109493018329,
      0.0
    ],
    [
      12.566370614359172,
      0.0
    ]
  ],
  "variation_type": [
    "low",
    "low",
    "low",
    "low",
    "low",
    "low",
    "low",
    "low",
    "low"
  ],
  "amp_knots": [
    0.0,
    6.28271484375,
    12.5654296875
  ],
  "amp_values": [
    0.6819380952778974,
    0.7531144821352734,
    0.7462412272146991
  ],
  "noise_profile": {
    "has_noise": true,
    "noise_type": "structured",
    "p_has_noise": 0.5,
    "p_gaussian": 0.5,
    "gaussian_std_relative": 0.15,
    "structured_segments": 2,
    "segment_details": [
      {
        "start": 5.193064397746649,
        "end": 5.553403293245449,
        "amplitude": -0.03942702629955158,
        "frequency": 34.318094628847355,
        "type": "cos"
      },
      {
        "start": 8.510919808966557,
        "end": 9.636999954621391,
        "amplitude": 0.0026600844536778636,
        "frequency": -169.14986537031695,
        "type": "cos"
      }
    ]
  },
  "seed": 1011,
  "signal_id": "signal_011",
  "frequency_profile_type": "non_uniform_high_low",
  "noise_type": "structured"
}