{
  "t_start": 0.0,
  "t_end": 12.566370614359172,
  "fs_high": 1024.0,
  "tau_frequency": 1.6,
  "tau_amplitude": 1.0,
  "amplitude_spline_type": "tension",
  "base_points": [
    [
      0.0,
      2.7504079943239224
    ],
    [
      0.6601347957829964,
      2.7504079943239224
    ],
    [
      3.19612844905249,
      2.7504079943239224
    ],
    [
      4.398397395350598,
      2.7504079943239224
    ],
    [
      8.280335678970868,
      2.7504079943239224
    ],
    [
      12.566370614359172,
      2.1911262645015377
    ]
  ],
  "high_freq_points": [
    [
      0.0,
      0.0
    ],
    [
      0.6601347957829964,
      0.0
    ],
    [
      3.19612844905249,
      0.0
    ],
    [
      4.398397395350598,
      0.0
    ],
    [
      8.280335678970868,
      0.0
    ],
    [
      12.566370614359172,
      0.0
    ]
  ],
  "variation_type": [
    "low",
    "low",
    "low",
    "low",
    "low",
    "high"
  ],
  "amp_knots": [
    0.0,
    2.5130859375,
    5.026171875,
    7.539257812500001,
    10.05234375,
    12.5654296875
  ],
  "amp_values": [
    8.18618030864979,
    8.138825898585047,
    3.479184158855993,
    10.150971955549576,
    2.3915134708529857,
    8.767867704426305
  ],
  "noise_profile": {
    "has_noise": true,
    "noise_type": "structured",
    "p_has_noise": 0.5,
    "p_gaussian": 0.5,
    "gaussian_std_relative": 0.15,
    "structured_segments": 1,
    "segment_details": [
      {
        "start": 6.822947121054782,
        "end": 10.268822509473317,
        "amplitude": -0.8997475058315023,
        "frequency": -136.72949554292637,
        "type": "cos"
      }
    ]
  },
  "seed": 1034,
  "signal_id": "signal_034",
  "frequency_profile_type": "non_uniform_high_low",
  "noise_type": "structured"
}