{
  "t_start": 0.0,
  "t_end": 12.566370614359172,
  "fs_high": 1024.0,
  "tau_frequency": 2.0,
  "tau_amplitude": "N/A",
  "amplitude_spline_type": "zero_order",
  "base_points": [
    [
      0.0,
      2.496465754934444
    ],
    [
      5.846992435918926,
      2.496465754934444
    ],
    [
      7.7976286441843214,
      2.496465754934444
    ],
    [
      8.219788530666316,
      2.496465754934444
    ],
    [
      10.840780090605532,
      2.496465754934444
    ],
    [
      12.566370614359172,
      2.496465754934444
    ]
  ],
  "high_freq_points": [
    [
      0.0,
      0.0
    ],
    [
      5.846992435918926,
      0.0
    ],
    [
      7.7976286441843214,
      0.0
    ],
    [
      8.219788530666316,
      0.0
    ],
    [
      10.840780090605532,
      0.0
    ],
    [
      12.566370614359172,
      0.0
    ]
  ],
  "variation_type": [
    "low",
    "low",
    "low",
    "low",
    "low",
    "low"
  ],
  "amp_knots": [
    0.0,
    4.1884765625,
    8.376953125,
    12.5654296875
  ],
  "amp_values": [
    1.8898124966768857,
    2.53749549589856,
    2.4898012352277634,
    1.7597998873412612
  ],
  "noise_profile": {
    "has_noise": true,
    "noise_type": "structured",
    "p_has_noise": 0.5,
    "p_gaussian": 0.5,
    "gaussian_std_relative": 0.15,
    "structured_segments": 1,
    "segment_details": [
      {
        "start": 10.028207266959667,
        "end": 11.9221355327683,
        "amplitude": 0.34866622563811017,
        "frequency": 97.31923813829717,
        "type": "sin"
      }
    ]
  },
  "seed": 1066,
  "signal_id": "signal_066",
  "frequency_profile_type": "non_uniform_high_low",
  "noise_type": "structured"
}