{
  "t_start": 0.0,
  "t_end": 12.566370614359172,
  "fs_high": 1024.0,
  "tau_frequency": 1.45,
  "tau_amplitude": "N/A",
  "amplitude_spline_type": "zero_order",
  "base_points": [
    [
      0.0,
      1.1721053663311123
    ],
    [
      1.5204420379375077,
      1.1721053663311123
    ],
    [
      3.330962782931709,
      4.55285833108757
    ],
    [
      6.999470682457531,
      2.6296578632605745
    ],
    [
      7.559167436264933,
      1.1721053663311123
    ],
    [
      10.084831784845411,
      1.1721053663311123
    ],
    [
      12.562814030452888,
      1.1721053663311123
    ],
    [
      12.566370614359172,
      1.1721053663311123
    ]
  ],
  "high_freq_points": [
    [
      0.0,
      0.0
    ],
    [
      1.5204420379375077,
      0.0
    ],
    [
      3.330962782931709,
      41.37806877002042
    ],
    [
      4.838144576934026,
      41.37806877002042
    ],
    [
      6.999470682457531,
      0.0
    ],
    [
      7.559167436264933,
      0.0
    ],
    [
      10.084831784845411,
      0.0
    ],
    [
      12.562814030452888,
      0.0
    ],
    [
      12.566370614359172,
      0.0
    ]
  ],
  "variation_type": [
    "low",
    "low",
    "high",
    "low",
    "low",
    "low",
    "low",
    "low"
  ],
  "amp_knots": [
    0.0,
    3.141357421875,
    6.28271484375,
    9.424072265625,
    12.5654296875
  ],
  "amp_values": [
    3.9107719218302166,
    3.36424179432339,
    3.7268551227103237,
    2.088290693164348,
    2.785271859611369
  ],
  "noise_profile": {
    "has_noise": false,
    "noise_type": "none",
    "p_has_noise": 0.5,
    "p_gaussian": 0.5,
    "gaussian_std_relative": 0.15
  },
  "seed": 1076,
  "signal_id": "signal_076",
  "frequency_profile_type": "non_uniform_high_low",
  "noise_type": "none"
}