,MAE,MSE,Correlation,SNR (dB)
Degraded,0.006128,0.000199,0.992375,18.104897
Synth,0.073306,0.006774,0.927175,2.780284
Real-Audio,0.006092,0.000171,0.993631,18.747758
Mixed-Audio,0.009274,0.000409,0.984063,14.973294
Tunned-Audio,0.021302,0.001408,0.96823,9.60324
