,MAE,MSE,RMSE,Correlation,SNR (dB)
Synth,0.067937,0.005232,0.072333,0.857009,-0.041811
Real-Audio,0.003972,9.7e-05,0.009857,0.956439,17.269658
Mixed-Audio,0.005023,0.000128,0.011324,0.94813,16.065212
Tunned-Audio,0.015231,0.000606,0.024626,0.757508,9.31693
