{
  "5x": {
    "num_signals": 500,
    "lsd": {
      "mean": 0.5050964950786879,
      "std": 0.6292053520940967,
      "min": 0.09543941181619403,
      "max": 4.972423709638822,
      "median": 0.2535892737456392
    },
    "scorr": {
      "mean": 0.9848080532543851,
      "std": 0.09696312159301458,
      "min": -0.01244921365576972,
      "max": 0.9999999876948769,
      "median": 0.9999965315245207
    }
  },
  "10x": {
    "num_signals": 500,
    "lsd": {
      "mean": 0.6384274176812853,
      "std": 0.6316682252274621,
      "min": 0.12484618785034558,
      "max": 4.506379410753657,
      "median": 0.42060686786859497
    },
    "scorr": {
      "mean": 0.9844927931295083,
      "std": 0.09603045689743858,
      "min": -0.008748266599063755,
      "max": 0.9999999939157036,
      "median": 0.9999869103749555
    }
  },
  "20x": {
    "num_signals": 500,
    "lsd": {
      "mean": 0.9522002081473667,
      "std": 0.6699791570408566,
      "min": 0.33685603356776395,
      "max": 6.317039218634863,
      "median": 0.747246158130731
    },
    "scorr": {
      "mean": 0.9816593040659022,
      "std": 0.1014373061339125,
      "min": -0.001419434670178891,
      "max": 0.9999999649397622,
      "median": 0.9999698507309558
    }
  },
  "33x": {
    "num_signals": 500,
    "lsd": {
      "mean": 1.2105971784870935,
      "std": 0.6658663083934679,
      "min": 0.3981781836651002,
      "max": 4.886274235332572,
      "median": 0.9969079399560783
    },
    "scorr": {
      "mean": 0.9776095049571697,
      "std": 0.10718697896180229,
      "min": -0.008792124092451732,
      "max": 0.9999998578897153,
      "median": 0.9997941969063139
    }
  }
}